state_ansi,county_ansi,year,colonies
1,0,2002,19592
1,1,2002,212
1,3,2002,1802
1,9,2002,107
1,15,2002,99
1,17,2002,17
1,19,2002,12
1,29,2002,35
1,31,2002,33
1,35,2002,27
1,39,2002,56
1,43,2002,129
1,45,2002,246
1,49,2002,693
1,55,2002,151
1,73,2002,216
1,75,2002,85
1,77,2002,110
1,79,2002,8
1,83,2002,168
1,85,2002,2500
1,89,2002,1060
1,93,2002,105
1,95,2002,132
1,97,2002,4438
1,101,2002,2381
1,103,2002,10
1,111,2002,9
1,115,2002,95
1,117,2002,81
1,119,2002,6
1,121,2002,135
1,123,2002,2399
1,127,2002,22
1,133,2002,16
2,0,2002,94
4,0,2002,38864
4,1,2002,5
4,3,2002,1201
4,13,2002,16223
4,15,2002,25
4,19,2002,3341
4,21,2002,754
4,25,2002,245
4,27,2002,14833
5,0,2002,38924
5,5,2002,304
5,7,2002,277
5,9,2002,366
5,11,2002,12
5,15,2002,103
5,19,2002,41
5,21,2002,180
5,23,2002,47
5,29,2002,163
5,31,2002,14467
5,33,2002,88
5,37,2002,1100
5,41,2002,877
5,43,2002,18
5,45,2002,145
5,47,2002,151
5,49,2002,15
5,51,2002,58
5,53,2002,152
5,55,2002,359
5,59,2002,22
5,63,2002,274
5,65,2002,31
5,69,2002,348
5,71,2002,124
5,75,2002,230
5,83,2002,52
5,85,2002,512
5,87,2002,126
5,89,2002,63
5,93,2002,629
5,101,2002,9
5,105,2002,9
5,113,2002,30
5,115,2002,188
5,117,2002,146
5,119,2002,403
5,125,2002,84
5,127,2002,11
5,129,2002,17
5,131,2002,210
5,135,2002,71
5,137,2002,332
5,139,2002,501
5,143,2002,136
5,147,2002,450
5,149,2002,20
6,0,2002,484510
6,7,2002,14906
6,11,2002,8480
6,13,2002,1935
6,17,2002,907
6,19,2002,23627
6,21,2002,22330
6,23,2002,1785
6,25,2002,24652
6,29,2002,34653
6,31,2002,4642
6,33,2002,302
6,35,2002,87
6,37,2002,4998
6,39,2002,12140
6,43,2002,24
6,45,2002,1253
6,47,2002,30913
6,57,2002,1547
6,59,2002,1634
6,61,2002,5210
6,65,2002,16407
6,67,2002,10619
6,69,2002,865
6,71,2002,25683
6,73,2002,24327
6,77,2002,9027
6,79,2002,843
6,81,2002,248
6,85,2002,354
6,87,2002,2923
6,89,2002,23536
6,93,2002,35
6,95,2002,8506
6,97,2002,5660
6,99,2002,18252
6,101,2002,21453
6,103,2002,6063
6,105,2002,66
6,107,2002,60398
6,109,2002,658
6,111,2002,6503
6,113,2002,13719
6,115,2002,2674
8,0,2002,26463
8,1,2002,55
8,11,2002,5273
8,13,2002,197
8,21,2002,2000
8,27,2002,87
8,29,2002,16
8,35,2002,316
8,39,2002,407
8,41,2002,263
8,43,2002,913
8,49,2002,4
8,59,2002,58
8,69,2002,314
8,75,2002,16
8,77,2002,857
8,81,2002,10
8,83,2002,134
8,85,2002,331
8,101,2002,452
8,107,2002,23
8,109,2002,605
9,0,2002,4071
9,1,2002,376
9,3,2002,1405
9,5,2002,749
9,7,2002,13
9,9,2002,601
9,11,2002,297
9,13,2002,153
9,15,2002,477
10,0,2002,452
10,1,2002,204
10,3,2002,14
10,5,2002,234
12,0,2002,226332
12,1,2002,3292
12,5,2002,1402
12,9,2002,3106
12,11,2002,2000
12,13,2002,1631
12,15,2002,6800
12,17,2002,875
12,19,2002,214
12,21,2002,4152
12,23,2002,2720
12,27,2002,8835
12,31,2002,150
12,33,2002,1906
12,37,2002,3200
12,39,2002,322
12,41,2002,6
12,45,2002,2731
12,49,2002,5914
12,51,2002,3024
12,53,2002,7
12,55,2002,2938
12,57,2002,5438
12,59,2002,199
12,61,2002,2799
12,63,2002,620
12,69,2002,24895
12,71,2002,10292
12,75,2002,165
12,77,2002,9305
12,79,2002,170
12,81,2002,7464
12,83,2002,1442
12,85,2002,1298
12,86,2002,4238
12,89,2002,156
12,91,2002,1806
12,93,2002,323
12,95,2002,4831
12,97,2002,2120
12,99,2002,10892
12,101,2002,3084
12,103,2002,132
12,105,2002,14856
12,109,2002,12
12,111,2002,3135
12,113,2002,1266
12,115,2002,1840
12,117,2002,184
12,119,2002,33
12,121,2002,7
12,125,2002,120
12,129,2002,9100
12,133,2002,378
13,0,2002,68345
13,3,2002,46
13,9,2002,3
13,11,2002,23
13,15,2002,12
13,19,2002,604
13,29,2002,75
13,31,2002,1014
13,35,2002,13
13,45,2002,245
13,55,2002,45
13,57,2002,18
13,65,2002,12650
13,67,2002,168
13,69,2002,1622
13,77,2002,6
13,85,2002,27
13,87,2002,15
13,91,2002,71
13,97,2002,6
13,99,2002,6
13,101,2002,4243
13,105,2002,18
13,111,2002,1128
13,115,2002,16
13,117,2002,482
13,119,2002,4
13,121,2002,29
13,127,2002,460
13,129,2002,6
13,135,2002,5
13,139,2002,703
13,147,2002,75
13,151,2002,5
13,153,2002,6
13,157,2002,17
13,161,2002,1200
13,173,2002,1676
13,175,2002,75
13,185,2002,6
13,195,2002,10
13,207,2002,34
13,217,2002,20
13,219,2002,145
13,223,2002,20
13,225,2002,5
13,237,2002,3
13,241,2002,501
13,261,2002,360
13,271,2002,62
13,281,2002,300
13,287,2002,2002
13,291,2002,90
13,295,2002,31
13,297,2002,128
13,299,2002,3105
13,311,2002,1434
13,313,2002,28
13,317,2002,3
15,0,2002,14365
15,1,2002,10859
15,3,2002,527
15,7,2002,2080
15,9,2002,899
16,0,2002,92555
16,5,2002,5
16,11,2002,6675
16,27,2002,20157
16,51,2002,376
16,65,2002,601
16,69,2002,3221
16,73,2002,4901
16,83,2002,9521
16,87,2002,3500
17,0,2002,5245
17,5,2002,18
17,7,2002,218
17,19,2002,89
17,21,2002,10
17,27,2002,12
17,31,2002,197
17,37,2002,73
17,41,2002,11
17,51,2002,26
17,55,2002,45
17,57,2002,27
17,77,2002,30
17,81,2002,29
17,85,2002,60
17,89,2002,559
17,93,2002,17
17,95,2002,183
17,97,2002,28
17,101,2002,12
17,105,2002,5
17,107,2002,163
17,111,2002,802
17,113,2002,113
17,119,2002,121
17,135,2002,26
17,139,2002,6
17,141,2002,37
17,143,2002,46
17,145,2002,157
17,147,2002,19
17,163,2002,423
17,165,2002,6
17,173,2002,10
17,179,2002,245
17,181,2002,46
17,183,2002,45
17,191,2002,28
17,195,2002,17
17,197,2002,69
17,199,2002,13
18,0,2002,9996
18,1,2002,247
18,3,2002,132
18,5,2002,23
18,13,2002,29
18,15,2002,70
18,17,2002,6
18,19,2002,5
18,23,2002,37
18,25,2002,232
18,27,2002,15
18,29,2002,31
18,39,2002,412
18,47,2002,24
18,49,2002,44
18,51,2002,564
18,53,2002,5
18,55,2002,41
18,57,2002,603
18,59,2002,9
18,61,2002,37
18,63,2002,98
18,73,2002,40
18,75,2002,161
18,77,2002,9
18,79,2002,9
18,81,2002,9
18,87,2002,563
18,91,2002,53
18,95,2002,42
18,99,2002,157
18,101,2002,216
18,105,2002,404
18,109,2002,49
18,113,2002,12
18,117,2002,3
18,119,2002,13
18,123,2002,18
18,125,2002,120
18,127,2002,184
18,129,2002,7
18,133,2002,177
18,135,2002,20
18,137,2002,8
18,141,2002,1137
18,143,2002,4
18,145,2002,120
18,149,2002,56
18,155,2002,11
18,157,2002,73
18,167,2002,11
18,177,2002,92
18,179,2002,18
18,183,2002,17
19,0,2002,30641
19,5,2002,1365
19,7,2002,31
19,9,2002,532
19,15,2002,11
19,17,2002,204
19,19,2002,61
19,31,2002,103
19,43,2002,709
19,51,2002,112
19,61,2002,260
19,87,2002,16
19,91,2002,14
19,99,2002,418
19,103,2002,74
19,113,2002,752
19,121,2002,10
19,123,2002,52
19,131,2002,11
19,135,2002,33
19,145,2002,1791
19,153,2002,276
19,155,2002,882
19,169,2002,130
19,177,2002,17
19,181,2002,13
19,183,2002,247
19,191,2002,217
19,193,2002,1003
20,0,2002,15035
20,11,2002,15
20,13,2002,57
20,15,2002,49
20,31,2002,14
20,35,2002,11
20,37,2002,77
20,45,2002,120
20,59,2002,51
20,63,2002,178
20,85,2002,154
20,87,2002,114
20,91,2002,329
20,103,2002,43
20,121,2002,77
20,125,2002,27
20,133,2002,16
20,139,2002,5
20,155,2002,54
20,157,2002,504
20,173,2002,221
20,177,2002,4
20,197,2002,6
20,201,2002,4371
20,205,2002,104
21,0,2002,6850
21,1,2002,8
21,3,2002,234
21,5,2002,51
21,9,2002,37
21,11,2002,7
21,15,2002,206
21,17,2002,201
21,19,2002,16
21,21,2002,47
21,23,2002,9
21,25,2002,12
21,27,2002,95
21,29,2002,49
21,31,2002,17
21,35,2002,68
21,37,2002,151
21,41,2002,25
21,43,2002,14
21,45,2002,37
21,47,2002,55
21,49,2002,72
21,51,2002,65
21,53,2002,151
21,55,2002,24
21,57,2002,20
21,63,2002,82
21,65,2002,45
21,67,2002,38
21,69,2002,4
21,79,2002,415
21,81,2002,59
21,85,2002,57
21,89,2002,20
21,93,2002,828
21,97,2002,26
21,99,2002,51
21,103,2002,72
21,107,2002,4
21,109,2002,81
21,111,2002,141
21,113,2002,214
21,115,2002,6
21,121,2002,13
21,123,2002,12
21,125,2002,65
21,127,2002,18
21,129,2002,10
21,135,2002,33
21,137,2002,17
21,139,2002,92
21,141,2002,38
21,151,2002,46
21,153,2002,7
21,155,2002,54
21,161,2002,36
21,163,2002,26
21,165,2002,19
21,167,2002,4
21,169,2002,31
21,171,2002,62
21,175,2002,51
21,179,2002,45
21,181,2002,172
21,183,2002,36
21,185,2002,48
21,187,2002,20
21,191,2002,94
21,193,2002,12
21,195,2002,19
21,199,2002,88
21,203,2002,27
21,207,2002,17
21,209,2002,72
21,211,2002,57
21,213,2002,11
21,215,2002,36
21,217,2002,136
21,219,2002,57
21,221,2002,5
21,223,2002,28
21,227,2002,39
21,229,2002,30
21,231,2002,24
21,235,2002,46
21,239,2002,47
22,0,2002,29990
22,5,2002,48
22,9,2002,6350
22,11,2002,80
22,13,2002,4
22,15,2002,753
22,17,2002,68
22,19,2002,814
22,31,2002,78
22,33,2002,397
22,37,2002,6
22,39,2002,9
22,41,2002,66
22,43,2002,1156
22,47,2002,16
22,53,2002,1200
22,55,2002,1054
22,57,2002,11
22,61,2002,88
22,63,2002,30
22,69,2002,21
22,73,2002,5
22,85,2002,70
22,89,2002,54
22,97,2002,3870
22,103,2002,186
22,105,2002,37
22,115,2002,196
23,0,2002,7098
23,1,2002,773
23,3,2002,109
23,5,2002,341
23,7,2002,78
23,9,2002,59
23,11,2002,1208
23,17,2002,1644
23,21,2002,34
23,23,2002,104
23,25,2002,119
23,29,2002,346
23,31,2002,110
24,0,2002,6568
24,1,2002,109
24,3,2002,271
24,5,2002,323
24,9,2002,38
24,13,2002,241
24,15,2002,11
24,17,2002,259
24,19,2002,51
24,21,2002,734
24,23,2002,28
24,25,2002,572
24,27,2002,48
24,31,2002,281
24,33,2002,202
24,35,2002,309
24,37,2002,15
24,41,2002,74
25,0,2002,2966
25,1,2002,315
25,3,2002,88
25,5,2002,274
25,9,2002,145
25,11,2002,89
25,13,2002,223
25,15,2002,39
25,17,2002,721
25,23,2002,667
25,27,2002,395
26,0,2002,79341
26,5,2002,1577
26,9,2002,3676
26,11,2002,48
26,17,2002,4976
26,21,2002,3184
26,23,2002,165
26,25,2002,998
26,27,2002,603
26,33,2002,269
26,37,2002,394
26,45,2002,183
26,47,2002,7
26,49,2002,167
26,51,2002,1158
26,55,2002,3439
26,57,2002,749
26,59,2002,1062
26,63,2002,3003
26,65,2002,273
26,67,2002,258
26,73,2002,1770
26,75,2002,883
26,77,2002,5185
26,79,2002,23
26,81,2002,2864
26,87,2002,323
26,89,2002,1504
26,91,2002,2780
26,93,2002,3775
26,97,2002,7
26,99,2002,87
26,101,2002,841
26,105,2002,1405
26,109,2002,60
26,111,2002,92
26,115,2002,23
26,117,2002,5707
26,121,2002,37
26,125,2002,661
26,133,2002,37
26,135,2002,5
26,145,2002,1739
26,151,2002,3425
26,155,2002,524
26,157,2002,390
26,159,2002,63
26,161,2002,806
26,163,2002,745
26,165,2002,2873
27,0,2002,97725
27,1,2002,38
27,3,2002,260
27,15,2002,8
27,17,2002,126
27,19,2002,185
27,21,2002,264
27,25,2002,2154
27,27,2002,102
27,35,2002,1500
27,37,2002,1257
27,47,2002,23
27,49,2002,196
27,53,2002,188
27,55,2002,303
27,57,2002,6
27,61,2002,200
27,65,2002,210
27,67,2002,845
27,79,2002,896
27,95,2002,735
27,97,2002,2174
27,99,2002,262
27,109,2002,396
27,111,2002,16855
27,113,2002,2095
27,115,2002,244
27,119,2002,12202
27,121,2002,4082
27,131,2002,244
27,135,2002,8187
27,137,2002,117
27,139,2002,646
27,141,2002,111
27,145,2002,4090
27,153,2002,5336
27,157,2002,28
27,161,2002,101
27,163,2002,476
27,171,2002,182
28,0,2002,11624
28,5,2002,6
28,21,2002,3
28,25,2002,200
28,29,2002,9
28,31,2002,10
28,37,2002,10
28,41,2002,51
28,47,2002,16
28,49,2002,86
28,57,2002,4
28,59,2002,1254
28,67,2002,1095
28,77,2002,15
28,85,2002,38
28,87,2002,208
28,95,2002,168
28,107,2002,3
28,111,2002,180
28,117,2002,7
28,121,2002,959
28,123,2002,88
28,131,2002,16
28,139,2002,18
28,147,2002,270
29,0,2002,21333
29,1,2002,648
29,7,2002,150
29,9,2002,51
29,13,2002,28
29,15,2002,3
29,17,2002,12
29,19,2002,852
29,23,2002,1016
29,25,2002,45
29,27,2002,45
29,31,2002,77
29,37,2002,56
29,43,2002,100
29,47,2002,123
29,49,2002,1008
29,51,2002,67
29,53,2002,51
29,55,2002,23
29,59,2002,19
29,63,2002,20
29,65,2002,9
29,67,2002,30
29,71,2002,282
29,73,2002,16
29,77,2002,92
29,79,2002,5
29,81,2002,15
29,85,2002,11
29,91,2002,100
29,95,2002,590
29,99,2002,190
29,101,2002,30
29,105,2002,21
29,107,2002,1098
29,109,2002,30
29,113,2002,5
29,117,2002,5
29,119,2002,131
29,121,2002,87
29,123,2002,15
29,125,2002,78
29,131,2002,26
29,135,2002,27
29,137,2002,30
29,141,2002,296
29,145,2002,293
29,149,2002,28
29,153,2002,19
29,157,2002,25
29,159,2002,26
29,161,2002,15
29,163,2002,194
29,165,2002,19
29,167,2002,188
29,169,2002,15
29,175,2002,35
29,177,2002,233
29,179,2002,29
29,183,2002,326
29,185,2002,7
29,186,2002,30
29,187,2002,3
29,189,2002,600
29,199,2002,72
29,209,2002,24
29,213,2002,17
29,215,2002,8
29,217,2002,66
29,219,2002,56
29,221,2002,24
29,223,2002,7
29,225,2002,68
29,229,2002,32
30,0,2002,108617
30,27,2002,1619
30,31,2002,4043
30,35,2002,1880
30,47,2002,5265
30,53,2002,201
30,63,2002,4223
30,65,2002,3
30,81,2002,2940
30,89,2002,543
30,93,2002,25
30,95,2002,8696
30,97,2002,2594
30,111,2002,4010
31,0,2002,39922
31,27,2002,3272
31,41,2002,481
31,93,2002,2830
31,107,2002,1404
31,109,2002,631
31,139,2002,3841
31,149,2002,1670
31,155,2002,546
31,185,2002,89
32,0,2002,678
32,1,2002,48
32,7,2002,15
32,19,2002,74
32,21,2002,15
32,23,2002,83
32,31,2002,296
33,0,2002,1902
33,5,2002,288
33,7,2002,14
33,9,2002,5
33,11,2002,412
33,15,2002,251
33,17,2002,75
33,19,2002,142
34,0,2002,11527
34,1,2002,1860
34,3,2002,114
34,5,2002,345
34,7,2002,31
34,9,2002,15
34,11,2002,317
34,13,2002,45
34,19,2002,1208
34,21,2002,366
34,27,2002,148
34,29,2002,690
34,37,2002,375
34,39,2002,150
34,41,2002,157
35,0,2002,10367
35,1,2002,54
35,5,2002,53
35,31,2002,212
35,35,2002,19
35,39,2002,51
35,49,2002,170
35,55,2002,13
35,59,2002,12
35,61,2002,30
36,0,2002,45850
36,1,2002,114
36,3,2002,970
36,7,2002,53
36,9,2002,2723
36,11,2002,3797
36,13,2002,699
36,15,2002,244
36,17,2002,49
36,19,2002,582
36,21,2002,63
36,25,2002,178
36,27,2002,20
36,29,2002,176
36,31,2002,61
36,33,2002,766
36,37,2002,2600
36,39,2002,1197
36,45,2002,4428
36,49,2002,303
36,51,2002,38
36,53,2002,2203
36,65,2002,1605
36,67,2002,2259
36,69,2002,29
36,71,2002,272
36,75,2002,111
36,77,2002,528
36,83,2002,104
36,87,2002,28
36,89,2002,1395
36,91,2002,646
36,93,2002,21
36,97,2002,63
36,99,2002,441
36,101,2002,1312
36,103,2002,186
36,105,2002,62
36,107,2002,1883
36,109,2002,128
36,111,2002,512
36,115,2002,2675
36,117,2002,1702
36,119,2002,41
36,121,2002,179
36,123,2002,74
37,0,2002,15478
37,1,2002,149
37,3,2002,214
37,5,2002,271
37,7,2002,3
37,9,2002,132
37,11,2002,29
37,17,2002,8
37,19,2002,162
37,21,2002,516
37,23,2002,170
37,25,2002,37
37,27,2002,505
37,33,2002,23
37,35,2002,180
37,37,2002,31
37,39,2002,65
37,43,2002,4
37,45,2002,593
37,51,2002,14
37,57,2002,115
37,59,2002,155
37,61,2002,122
37,63,2002,7
37,67,2002,173
37,71,2002,161
37,75,2002,44
37,77,2002,22
37,81,2002,71
37,85,2002,32
37,87,2002,23
37,89,2002,221
37,97,2002,317
37,101,2002,3
37,103,2002,3
37,105,2002,36
37,107,2002,45
37,109,2002,113
37,111,2002,423
37,113,2002,412
37,115,2002,83
37,119,2002,14
37,121,2002,48
37,123,2002,8
37,125,2002,280
37,127,2002,19
37,129,2002,120
37,131,2002,5
37,135,2002,172
37,137,2002,59
37,147,2002,12
37,149,2002,38
37,151,2002,144
37,153,2002,29
37,157,2002,60
37,159,2002,228
37,161,2002,259
37,163,2002,3710
37,167,2002,94
37,169,2002,146
37,171,2002,837
37,175,2002,99
37,179,2002,271
37,183,2002,114
37,189,2002,114
37,193,2002,144
37,195,2002,5
37,197,2002,133
37,199,2002,42
38,0,2002,160946
38,1,2002,10172
38,17,2002,15042
38,31,2002,13068
38,35,2002,3480
38,37,2002,3840
38,41,2002,6900
38,43,2002,2800
38,55,2002,9824
38,59,2002,15170
38,63,2002,4500
38,77,2002,3778
38,89,2002,8232
38,91,2002,1530
38,93,2002,1560
39,0,2002,24605
39,1,2002,101
39,3,2002,1293
39,5,2002,177
39,7,2002,109
39,9,2002,87
39,11,2002,538
39,13,2002,18
39,15,2002,39
39,17,2002,132
39,19,2002,37
39,21,2002,285
39,23,2002,83
39,25,2002,29
39,27,2002,54
39,29,2002,316
39,31,2002,272
39,33,2002,20
39,35,2002,212
39,37,2002,1708
39,39,2002,288
39,41,2002,758
39,45,2002,166
39,47,2002,195
39,49,2002,692
39,51,2002,121
39,53,2002,496
39,55,2002,382
39,57,2002,334
39,59,2002,184
39,61,2002,208
39,65,2002,170
39,71,2002,50
39,73,2002,58
39,75,2002,332
39,77,2002,178
39,81,2002,144
39,83,2002,270
39,85,2002,182
39,87,2002,23
39,89,2002,231
39,91,2002,492
39,93,2002,329
39,95,2002,155
39,97,2002,18
39,99,2002,62
39,103,2002,394
39,105,2002,10
39,107,2002,63
39,109,2002,291
39,111,2002,5
39,113,2002,25
39,117,2002,69
39,119,2002,148
39,123,2002,665
39,125,2002,2104
39,127,2002,7
39,129,2002,11
39,131,2002,82
39,133,2002,1215
39,135,2002,56
39,137,2002,335
39,139,2002,70
39,141,2002,19
39,143,2002,544
39,145,2002,102
39,147,2002,209
39,149,2002,246
39,151,2002,946
39,153,2002,149
39,155,2002,94
39,157,2002,49
39,159,2002,339
39,161,2002,670
39,163,2002,15
39,165,2002,215
39,167,2002,264
39,169,2002,335
39,175,2002,45
40,0,2002,6275
40,1,2002,24
40,5,2002,91
40,13,2002,4
40,17,2002,22
40,21,2002,18
40,23,2002,25
40,27,2002,2209
40,29,2002,114
40,35,2002,7
40,37,2002,53
40,39,2002,5
40,41,2002,144
40,49,2002,100
40,51,2002,1096
40,55,2002,23
40,61,2002,38
40,69,2002,17
40,77,2002,11
40,79,2002,132
40,81,2002,58
40,83,2002,514
40,87,2002,289
40,97,2002,33
40,101,2002,15
40,105,2002,10
40,109,2002,241
40,111,2002,21
40,113,2002,35
40,115,2002,41
40,117,2002,19
40,119,2002,33
40,121,2002,54
40,123,2002,22
40,125,2002,88
40,131,2002,189
40,143,2002,33
40,145,2002,15
40,151,2002,146
41,0,2002,47563
41,3,2002,3803
41,5,2002,8738
41,7,2002,23
41,9,2002,139
41,11,2002,274
41,13,2002,10
41,15,2002,8
41,17,2002,23
41,19,2002,712
41,25,2002,46
41,29,2002,5671
41,33,2002,605
41,35,2002,683
41,39,2002,4070
41,41,2002,27
41,47,2002,2828
41,51,2002,836
41,53,2002,867
41,57,2002,6
41,59,2002,4937
41,61,2002,296
41,65,2002,972
41,67,2002,1373
41,71,2002,2790
42,0,2002,38481
42,1,2002,2481
42,3,2002,662
42,5,2002,57
42,7,2002,716
42,9,2002,111
42,11,2002,1420
42,13,2002,18
42,15,2002,410
42,17,2002,298
42,19,2002,201
42,21,2002,94
42,25,2002,65
42,27,2002,487
42,29,2002,433
42,31,2002,18
42,33,2002,68
42,35,2002,242
42,39,2002,268
42,41,2002,1297
42,43,2002,215
42,45,2002,53
42,51,2002,47
42,55,2002,1115
42,57,2002,11
42,59,2002,60
42,61,2002,243
42,63,2002,139
42,65,2002,288
42,67,2002,64
42,71,2002,1391
42,73,2002,209
42,75,2002,106
42,77,2002,84
42,81,2002,602
42,83,2002,23
42,85,2002,499
42,89,2002,216
42,91,2002,104
42,93,2002,67
42,95,2002,366
42,99,2002,51
42,105,2002,21
42,107,2002,556
42,109,2002,436
42,111,2002,102
42,113,2002,82
42,115,2002,859
42,117,2002,2877
42,123,2002,5
42,125,2002,482
42,127,2002,57
42,129,2002,1081
42,131,2002,1098
42,133,2002,551
44,0,2002,520
44,3,2002,45
44,7,2002,100
44,9,2002,355
45,0,2002,4400
45,1,2002,19
45,3,2002,38
45,7,2002,113
45,15,2002,41
45,19,2002,6
45,21,2002,219
45,23,2002,16
45,25,2002,12
45,35,2002,9
45,43,2002,14
45,45,2002,40
45,47,2002,28
45,51,2002,24
45,55,2002,73
45,57,2002,30
45,59,2002,72
45,61,2002,4
45,63,2002,853
45,65,2002,42
45,71,2002,96
45,73,2002,353
45,75,2002,16
45,77,2002,392
45,81,2002,9
45,83,2002,87
45,85,2002,228
45,91,2002,112
46,0,2002,164114
46,5,2002,3962
46,19,2002,1742
46,53,2002,7187
46,61,2002,415
46,77,2002,4300
46,95,2002,3
46,99,2002,12714
46,123,2002,14270
46,135,2002,41
47,0,2002,12446
47,1,2002,271
47,3,2002,446
47,5,2002,67
47,9,2002,399
47,11,2002,246
47,13,2002,59
47,15,2002,22
47,17,2002,20
47,19,2002,21
47,21,2002,50
47,25,2002,133
47,29,2002,706
47,31,2002,127
47,33,2002,101
47,35,2002,321
47,37,2002,224
47,39,2002,42
47,43,2002,18
47,45,2002,327
47,47,2002,5
47,49,2002,7
47,51,2002,40
47,55,2002,209
47,57,2002,92
47,59,2002,108
47,61,2002,24
47,63,2002,380
47,65,2002,724
47,67,2002,38
47,69,2002,30
47,71,2002,258
47,73,2002,150
47,77,2002,44
47,81,2002,38
47,89,2002,59
47,91,2002,83
47,93,2002,728
47,99,2002,346
47,101,2002,51
47,103,2002,915
47,105,2002,69
47,107,2002,394
47,111,2002,49
47,113,2002,72
47,115,2002,12
47,117,2002,67
47,119,2002,109
47,121,2002,22
47,123,2002,288
47,125,2002,25
47,129,2002,8
47,131,2002,258
47,133,2002,96
47,137,2002,6
47,139,2002,14
47,141,2002,53
47,143,2002,19
47,145,2002,366
47,147,2002,40
47,149,2002,202
47,151,2002,25
47,155,2002,346
47,157,2002,152
47,159,2002,46
47,163,2002,463
47,165,2002,13
47,167,2002,262
47,171,2002,80
47,173,2002,67
47,177,2002,9
47,179,2002,301
47,185,2002,10
47,187,2002,184
47,189,2002,157
48,0,2002,113092
48,1,2002,185
48,5,2002,143
48,15,2002,6
48,19,2002,12
48,25,2002,54
48,29,2002,4308
48,31,2002,21
48,35,2002,30
48,41,2002,48
48,53,2002,116
48,55,2002,2139
48,59,2002,184
48,61,2002,10
48,75,2002,195
48,83,2002,3
48,85,2002,330
48,89,2002,29
48,91,2002,320
48,93,2002,14
48,95,2002,90
48,97,2002,61
48,113,2002,43
48,119,2002,16
48,139,2002,80
48,143,2002,8
48,147,2002,69
48,149,2002,23
48,157,2002,19
48,159,2002,305
48,171,2002,218
48,175,2002,6
48,181,2002,102
48,187,2002,19
48,193,2002,33
48,203,2002,16
48,207,2002,3
48,209,2002,58
48,217,2002,30
48,221,2002,12
48,225,2002,17
48,237,2002,18
48,241,2002,13
48,249,2002,267
48,251,2002,164
48,255,2002,3
48,257,2002,65
48,259,2002,62
48,265,2002,10
48,285,2002,60
48,287,2002,5
48,291,2002,17136
48,293,2002,8
48,303,2002,203
48,315,2002,79
48,333,2002,14
48,337,2002,31
48,339,2002,5
48,347,2002,26
48,349,2002,31
48,361,2002,4960
48,363,2002,383
48,365,2002,78
48,367,2002,29
48,395,2002,50
48,397,2002,15
48,399,2002,5
48,401,2002,93
48,407,2002,301
48,417,2002,3
48,419,2002,7
48,423,2002,114
48,429,2002,4
48,439,2002,100
48,441,2002,6
48,449,2002,4
48,459,2002,16
48,467,2002,30
48,471,2002,16
48,473,2002,14
48,477,2002,11
48,479,2002,22
48,481,2002,3300
48,491,2002,283
48,493,2002,3
48,497,2002,135
48,499,2002,132
49,0,2002,18195
49,3,2002,79
49,7,2002,23
49,13,2002,5391
49,21,2002,72
49,25,2002,11
49,27,2002,6377
49,35,2002,411
49,39,2002,68
49,41,2002,46
49,45,2002,62
49,49,2002,2870
49,57,2002,69
50,0,2002,7412
50,1,2002,2050
50,3,2002,7
50,7,2002,1091
50,13,2002,257
50,15,2002,45
50,17,2002,141
50,19,2002,76
50,23,2002,809
50,25,2002,39
50,27,2002,101
51,0,2002,12594
51,1,2002,10
51,3,2002,33
51,9,2002,24
51,11,2002,165
51,15,2002,380
51,19,2002,239
51,21,2002,70
51,31,2002,211
51,35,2002,272
51,37,2002,121
51,43,2002,1385
51,45,2002,39
51,47,2002,75
51,51,2002,31
51,59,2002,31
51,61,2002,171
51,63,2002,214
51,65,2002,7
51,67,2002,350
51,69,2002,437
51,71,2002,59
51,73,2002,42
51,75,2002,43
51,77,2002,43
51,83,2002,70
51,85,2002,292
51,89,2002,552
51,95,2002,30
51,99,2002,46
51,105,2002,143
51,107,2002,995
51,109,2002,9
51,111,2002,16
51,113,2002,39
51,117,2002,23
51,121,2002,33
51,125,2002,191
51,137,2002,13
51,141,2002,100
51,143,2002,355
51,145,2002,45
51,147,2002,129
51,153,2002,203
51,155,2002,29
51,157,2002,583
51,163,2002,192
51,165,2002,1315
51,167,2002,231
51,169,2002,134
51,171,2002,21
51,173,2002,159
51,177,2002,18
51,179,2002,12
51,181,2002,7
51,185,2002,37
51,191,2002,125
51,195,2002,19
51,197,2002,361
51,199,2002,48
51,550,2002,198
51,800,2002,9
53,0,2002,67909
53,7,2002,530
53,9,2002,437
53,11,2002,655
53,13,2002,920
53,15,2002,408
53,17,2002,1160
53,25,2002,10176
53,27,2002,167
53,29,2002,45
53,31,2002,4
53,33,2002,2932
53,35,2002,61
53,39,2002,305
53,41,2002,99
53,43,2002,103
53,45,2002,313
53,47,2002,3246
53,53,2002,645
53,55,2002,31
53,57,2002,1502
53,59,2002,72
53,61,2002,1632
53,63,2002,4497
53,65,2002,3253
53,67,2002,2406
53,73,2002,966
53,77,2002,17937
54,0,2002,7423
54,1,2002,56
54,7,2002,66
54,11,2002,26
54,13,2002,15
54,15,2002,83
54,17,2002,23
54,19,2002,52
54,21,2002,31
54,25,2002,61
54,27,2002,72
54,31,2002,88
54,33,2002,156
54,35,2002,228
54,37,2002,78
54,39,2002,266
54,41,2002,36
54,43,2002,27
54,49,2002,27
54,51,2002,29
54,55,2002,133
54,57,2002,215
54,61,2002,28
54,63,2002,79
54,67,2002,6
54,71,2002,66
54,75,2002,125
54,77,2002,116
54,79,2002,40
54,81,2002,22
54,83,2002,161
54,85,2002,12
54,87,2002,327
54,89,2002,40
54,91,2002,17
54,93,2002,535
54,95,2002,6
54,97,2002,55
54,99,2002,145
54,105,2002,44
54,107,2002,257
55,0,2002,59434
55,5,2002,188
55,7,2002,88
55,9,2002,2924
55,11,2002,24
55,13,2002,18
55,15,2002,1664
55,19,2002,1789
55,21,2002,1347
55,23,2002,61
55,25,2002,1122
55,29,2002,8
55,31,2002,50
55,35,2002,174
55,39,2002,257
55,45,2002,270
55,47,2002,207
55,49,2002,211
55,53,2002,66
55,55,2002,380
55,57,2002,6
55,63,2002,88
55,65,2002,4700
55,67,2002,254
55,69,2002,174
55,71,2002,499
55,75,2002,763
55,77,2002,168
55,81,2002,467
55,87,2002,1183
55,93,2002,1541
55,95,2002,649
55,97,2002,1406
55,101,2002,49
55,103,2002,407
55,105,2002,1536
55,109,2002,281
55,111,2002,966
55,115,2002,455
55,117,2002,59
55,119,2002,828
55,121,2002,1995
55,123,2002,3193
55,127,2002,7
55,129,2002,61
55,131,2002,2346
55,135,2002,968
55,137,2002,2339
56,0,2002,31276
56,13,2002,10012
56,19,2002,4382
56,43,2002,6
1,1,2007,201
1,3,2007,275
1,9,2007,344
1,15,2007,231
1,19,2007,282
1,29,2007,60
1,31,2007,18
1,35,2007,26
1,39,2007,75
1,43,2007,215
1,45,2007,76
1,49,2007,643
1,55,2007,193
1,73,2007,311
1,75,2007,43
1,77,2007,42
1,79,2007,51
1,83,2007,276
1,89,2007,1231
1,93,2007,42
1,95,2007,285
1,97,2007,862
1,101,2007,1352
1,103,2007,215
1,111,2007,76
1,115,2007,176
1,117,2007,171
1,119,2007,23
1,121,2007,64
1,127,2007,177
1,133,2007,43
4,3,2007,1421
4,13,2007,17552
4,19,2007,1990
4,21,2007,3234
4,25,2007,266
4,27,2007,10062
5,5,2007,383
5,7,2007,177
5,9,2007,528
5,15,2007,40
5,21,2007,29
5,23,2007,48
5,29,2007,36
5,31,2007,9773
5,33,2007,140
5,37,2007,160
5,45,2007,133
5,47,2007,23
5,49,2007,27
5,51,2007,191
5,53,2007,68
5,59,2007,208
5,63,2007,659
5,69,2007,225
5,71,2007,9
5,83,2007,68
5,85,2007,150
5,87,2007,120
5,89,2007,83
5,93,2007,1520
5,101,2007,112
5,105,2007,23
5,113,2007,55
5,115,2007,241
5,119,2007,207
5,125,2007,25
5,127,2007,41
5,129,2007,19
5,131,2007,148
5,139,2007,913
5,143,2007,161
5,147,2007,570
5,149,2007,25
6,7,2007,11800
6,11,2007,6729
6,17,2007,383
6,19,2007,66117
6,21,2007,17543
6,23,2007,614
6,25,2007,38276
6,29,2007,60814
6,31,2007,11403
6,33,2007,24
6,35,2007,3
6,37,2007,5043
6,39,2007,19594
6,45,2007,324
6,47,2007,58789
6,57,2007,1344
6,59,2007,1879
6,61,2007,3454
6,65,2007,18241
6,67,2007,7062
6,71,2007,40729
6,73,2007,34383
6,77,2007,19280
6,79,2007,3277
6,81,2007,485
6,85,2007,130
6,87,2007,2037
6,89,2007,24846
6,93,2007,2122
6,97,2007,1961
6,99,2007,16405
6,101,2007,12028
6,103,2007,10104
6,105,2007,32
6,107,2007,59765
6,109,2007,1088
6,111,2007,6935
6,113,2007,26149
6,115,2007,1740
8,1,2007,196
8,13,2007,214
8,35,2007,110
8,39,2007,177
8,41,2007,156
8,43,2007,780
8,59,2007,25
8,69,2007,895
8,75,2007,22
8,77,2007,736
8,83,2007,127
8,85,2007,739
8,101,2007,1009
9,1,2007,197
9,3,2007,525
9,5,2007,1478
9,7,2007,61
9,9,2007,1109
9,11,2007,643
9,13,2007,128
9,15,2007,286
10,5,2007,250
12,1,2007,2966
12,5,2007,410
12,9,2007,2675
12,11,2007,2224
12,15,2007,5224
12,17,2007,2731
12,19,2007,60
12,21,2007,3956
12,23,2007,2829
12,27,2007,7071
12,31,2007,236
12,33,2007,1125
12,39,2007,261
12,45,2007,2112
12,49,2007,4404
12,51,2007,10709
12,53,2007,281
12,55,2007,1793
12,57,2007,5949
12,59,2007,49
12,61,2007,5584
12,69,2007,21653
12,71,2007,11041
12,75,2007,2201
12,77,2007,5726
12,79,2007,312
12,81,2007,4308
12,83,2007,984
12,85,2007,799
12,86,2007,5883
12,89,2007,168
12,91,2007,108
12,95,2007,1434
12,99,2007,10301
12,103,2007,92
12,105,2007,11197
12,113,2007,196
12,117,2007,6
12,119,2007,6
12,121,2007,15
12,125,2007,241
12,129,2007,3905
12,133,2007,476
13,3,2007,34
13,11,2007,52
13,15,2007,113
13,31,2007,284
13,45,2007,28
13,55,2007,51
13,57,2007,261
13,65,2007,26700
13,67,2007,208
13,69,2007,8410
13,77,2007,26
13,85,2007,11
13,97,2007,32
13,99,2007,144
13,101,2007,7800
13,111,2007,349
13,115,2007,58
13,119,2007,174
13,121,2007,42
13,129,2007,96
13,147,2007,124
13,151,2007,14
13,153,2007,124
13,157,2007,40
13,175,2007,55
13,195,2007,103
13,207,2007,13
13,217,2007,47
13,219,2007,342
13,241,2007,604
13,281,2007,6
13,291,2007,371
13,295,2007,45
13,299,2007,2660
13,313,2007,26
13,317,2007,30
15,1,2007,13240
15,3,2007,862
15,7,2007,1955
15,9,2007,608
16,5,2007,8
16,27,2007,17873
16,51,2007,600
16,69,2007,4379
16,73,2007,11001
16,83,2007,9363
16,87,2007,5971
17,5,2007,15
17,19,2007,271
17,31,2007,1479
17,41,2007,7
17,51,2007,62
17,55,2007,68
17,57,2007,18
17,77,2007,90
17,81,2007,9
17,85,2007,45
17,89,2007,628
17,93,2007,148
17,95,2007,10
17,97,2007,45
17,101,2007,18
17,105,2007,13
17,113,2007,120
17,119,2007,78
17,135,2007,58
17,141,2007,63
17,143,2007,94
17,145,2007,328
17,163,2007,80
17,173,2007,45
17,181,2007,8
17,183,2007,221
17,191,2007,49
17,195,2007,30
17,197,2007,11
17,199,2007,22
18,1,2007,480
18,3,2007,190
18,5,2007,11
18,13,2007,9
18,15,2007,37
18,19,2007,13
18,23,2007,98
18,25,2007,155
18,27,2007,15
18,29,2007,41
18,39,2007,77
18,53,2007,56
18,55,2007,6
18,59,2007,24
18,61,2007,22
18,63,2007,90
18,73,2007,23
18,75,2007,38
18,77,2007,29
18,79,2007,221
18,81,2007,27
18,87,2007,193
18,91,2007,319
18,95,2007,59
18,99,2007,171
18,113,2007,101
18,117,2007,4
18,119,2007,44
18,123,2007,35
18,125,2007,12
18,127,2007,207
18,133,2007,127
18,135,2007,10
18,137,2007,125
18,141,2007,621
18,143,2007,31
18,149,2007,20
18,155,2007,10
18,157,2007,136
18,167,2007,9
18,177,2007,135
18,179,2007,13
18,183,2007,39
19,5,2007,978
19,9,2007,45
19,15,2007,116
19,19,2007,77
19,31,2007,105
19,51,2007,82
19,61,2007,357
19,87,2007,8
19,91,2007,66
19,99,2007,769
19,103,2007,92
19,113,2007,380
19,121,2007,66
19,123,2007,13
19,131,2007,7
19,145,2007,1174
19,153,2007,179
19,155,2007,607
19,177,2007,78
19,181,2007,161
19,183,2007,242
19,193,2007,1344
20,11,2007,148
20,13,2007,22
20,15,2007,95
20,31,2007,74
20,35,2007,35
20,45,2007,167
20,59,2007,63
20,63,2007,63
20,85,2007,87
20,87,2007,54
20,91,2007,391
20,103,2007,23
20,121,2007,159
20,125,2007,11
20,133,2007,14
20,139,2007,60
20,155,2007,15
20,173,2007,192
20,177,2007,9
20,197,2007,4
20,201,2007,4800
20,205,2007,40
21,1,2007,69
21,3,2007,275
21,5,2007,78
21,9,2007,183
21,11,2007,44
21,15,2007,132
21,17,2007,54
21,19,2007,8
21,21,2007,54
21,23,2007,38
21,25,2007,10
21,27,2007,66
21,29,2007,13
21,31,2007,34
21,37,2007,48
21,41,2007,32
21,43,2007,108
21,45,2007,19
21,47,2007,188
21,49,2007,104
21,51,2007,76
21,53,2007,21
21,55,2007,67
21,63,2007,65
21,65,2007,66
21,67,2007,109
21,69,2007,61
21,81,2007,72
21,85,2007,77
21,89,2007,28
21,93,2007,161
21,97,2007,79
21,99,2007,337
21,103,2007,66
21,107,2007,14
21,109,2007,197
21,111,2007,98
21,113,2007,97
21,115,2007,8
21,123,2007,36
21,125,2007,115
21,127,2007,18
21,135,2007,46
21,137,2007,96
21,139,2007,57
21,141,2007,123
21,151,2007,87
21,153,2007,36
21,155,2007,55
21,161,2007,58
21,163,2007,49
21,165,2007,70
21,167,2007,81
21,169,2007,69
21,171,2007,88
21,175,2007,117
21,179,2007,355
21,181,2007,56
21,183,2007,70
21,185,2007,36
21,187,2007,57
21,191,2007,149
21,195,2007,146
21,199,2007,151
21,203,2007,50
21,207,2007,97
21,209,2007,184
21,211,2007,99
21,213,2007,31
21,215,2007,38
21,217,2007,186
21,219,2007,12
21,221,2007,8
21,223,2007,17
21,227,2007,156
21,229,2007,73
21,231,2007,84
21,235,2007,244
21,239,2007,236
22,5,2007,19
22,9,2007,8011
22,11,2007,144
22,13,2007,31
22,15,2007,922
22,17,2007,91
22,19,2007,106
22,31,2007,62
22,33,2007,178
22,37,2007,21
22,41,2007,20
22,43,2007,483
22,53,2007,42
22,55,2007,866
22,57,2007,25
22,61,2007,119
22,69,2007,5
22,73,2007,93
22,85,2007,88
22,97,2007,11949
22,103,2007,212
22,105,2007,81
22,115,2007,4
23,3,2007,115
23,5,2007,665
23,7,2007,72
23,9,2007,80
23,11,2007,1537
23,21,2007,47
23,23,2007,155
23,25,2007,65
23,29,2007,729
23,31,2007,33
24,1,2007,182
24,3,2007,107
24,5,2007,339
24,9,2007,33
24,13,2007,135
24,15,2007,50
24,17,2007,249
24,21,2007,2458
24,23,2007,69
24,25,2007,159
24,27,2007,119
24,31,2007,344
24,33,2007,105
24,35,2007,56
24,37,2007,56
25,1,2007,281
25,3,2007,98
25,9,2007,360
25,11,2007,447
25,13,2007,181
25,17,2007,2090
25,23,2007,281
25,27,2007,505
26,5,2007,158
26,11,2007,247
26,17,2007,2524
26,21,2007,4639
26,23,2007,758
26,25,2007,1229
26,27,2007,68
26,33,2007,65
26,37,2007,426
26,45,2007,230
26,49,2007,166
26,51,2007,1239
26,57,2007,569
26,59,2007,1440
26,63,2007,4860
26,65,2007,239
26,73,2007,318
26,75,2007,1200
26,77,2007,6975
26,79,2007,62
26,81,2007,2885
26,87,2007,275
26,89,2007,969
26,91,2007,586
26,93,2007,2730
26,97,2007,12
26,99,2007,131
26,105,2007,1225
26,109,2007,41
26,111,2007,145
26,115,2007,29
26,117,2007,4900
26,121,2007,24
26,125,2007,438
26,133,2007,68
26,135,2007,6
26,145,2007,1497
26,151,2007,3371
26,155,2007,215
26,157,2007,994
26,159,2007,47
26,161,2007,461
26,163,2007,533
27,1,2007,53
27,3,2007,631
27,17,2007,24
27,19,2007,103
27,21,2007,1028
27,27,2007,256
27,37,2007,826
27,49,2007,3597
27,55,2007,708
27,57,2007,40
27,65,2007,166
27,79,2007,52
27,95,2007,408
27,97,2007,3084
27,99,2007,212
27,109,2007,199
27,111,2007,18738
27,115,2007,235
27,119,2007,12544
27,131,2007,171
27,137,2007,37
27,139,2007,8
27,145,2007,4431
27,153,2007,3258
27,163,2007,292
27,171,2007,6236
28,21,2007,6
28,29,2007,29
28,31,2007,13
28,37,2007,18
28,41,2007,52
28,47,2007,32
28,49,2007,323
28,59,2007,840
28,67,2007,1364
28,77,2007,38
28,85,2007,42
28,87,2007,12
28,95,2007,81
28,111,2007,151
28,117,2007,119
28,123,2007,73
28,139,2007,23
28,147,2007,114
29,7,2007,304
29,9,2007,80
29,13,2007,66
29,15,2007,17
29,17,2007,4
29,19,2007,1737
29,25,2007,76
29,27,2007,312
29,31,2007,239
29,37,2007,68
29,43,2007,14
29,47,2007,57
29,51,2007,187
29,53,2007,45
29,55,2007,18
29,59,2007,74
29,63,2007,10
29,65,2007,135
29,67,2007,28
29,71,2007,291
29,73,2007,80
29,77,2007,458
29,79,2007,20
29,81,2007,89
29,85,2007,17
29,91,2007,28
29,99,2007,40
29,101,2007,33
29,105,2007,45
29,107,2007,824
29,109,2007,56
29,113,2007,30
29,119,2007,239
29,121,2007,25
29,123,2007,6
29,125,2007,129
29,131,2007,162
29,135,2007,66
29,137,2007,23
29,141,2007,35
29,145,2007,84
29,153,2007,17
29,159,2007,171
29,161,2007,8
29,163,2007,278
29,165,2007,86
29,167,2007,188
29,169,2007,21
29,175,2007,18
29,177,2007,12
29,183,2007,444
29,185,2007,6
29,186,2007,15
29,187,2007,43
29,189,2007,574
29,209,2007,76
29,213,2007,11
29,215,2007,108
29,217,2007,53
29,219,2007,26
29,223,2007,35
29,225,2007,64
29,229,2007,70
30,27,2007,6722
30,31,2007,5382
30,35,2007,1300
30,53,2007,2468
30,89,2007,814
30,97,2007,806
30,111,2007,8700
31,41,2007,420
31,93,2007,3534
31,109,2007,237
31,155,2007,192
31,185,2007,41
32,19,2007,7
32,23,2007,8
32,31,2007,348
33,5,2007,272
33,7,2007,17
33,11,2007,562
33,15,2007,182
33,17,2007,94
33,19,2007,68
34,1,2007,339
34,3,2007,18
34,5,2007,233
34,7,2007,22
34,9,2007,17
34,11,2007,5
34,19,2007,1024
34,21,2007,194
34,27,2007,415
34,29,2007,742
34,37,2007,419
34,41,2007,170
35,1,2007,161
35,5,2007,68
35,31,2007,201
35,35,2007,14
35,39,2007,979
35,49,2007,6
35,55,2007,54
35,61,2007,52
36,1,2007,151
36,3,2007,837
36,7,2007,276
36,11,2007,2828
36,13,2007,2206
36,15,2007,40
36,19,2007,199
36,21,2007,313
36,25,2007,115
36,27,2007,301
36,29,2007,397
36,31,2007,20
36,33,2007,986
36,39,2007,837
36,45,2007,1410
36,49,2007,328
36,51,2007,341
36,53,2007,1627
36,65,2007,1296
36,67,2007,818
36,69,2007,325
36,71,2007,227
36,75,2007,286
36,77,2007,479
36,83,2007,87
36,87,2007,46
36,89,2007,1055
36,91,2007,339
36,93,2007,18
36,97,2007,616
36,99,2007,470
36,101,2007,1467
36,103,2007,208
36,105,2007,41
36,107,2007,1485
36,109,2007,88
36,111,2007,388
36,115,2007,1776
36,119,2007,51
36,121,2007,171
36,123,2007,433
37,1,2007,306
37,3,2007,195
37,5,2007,344
37,7,2007,32
37,9,2007,222
37,11,2007,58
37,17,2007,55
37,19,2007,217
37,21,2007,891
37,23,2007,337
37,25,2007,214
37,27,2007,187
37,33,2007,120
37,35,2007,320
37,37,2007,362
37,39,2007,291
37,43,2007,54
37,45,2007,910
37,51,2007,521
37,57,2007,357
37,59,2007,157
37,61,2007,183
37,63,2007,52
37,67,2007,185
37,71,2007,235
37,75,2007,80
37,77,2007,119
37,81,2007,432
37,85,2007,82
37,87,2007,129
37,89,2007,283
37,97,2007,1347
37,101,2007,102
37,105,2007,192
37,107,2007,54
37,109,2007,234
37,111,2007,487
37,113,2007,278
37,115,2007,248
37,119,2007,169
37,121,2007,185
37,123,2007,53
37,125,2007,306
37,127,2007,425
37,129,2007,60
37,131,2007,5
37,137,2007,46
37,147,2007,353
37,149,2007,59
37,151,2007,261
37,153,2007,49
37,157,2007,367
37,159,2007,223
37,161,2007,281
37,163,2007,6821
37,167,2007,506
37,169,2007,481
37,171,2007,545
37,175,2007,19
37,179,2007,478
37,183,2007,644
37,189,2007,132
37,193,2007,520
37,195,2007,28
37,197,2007,283
37,199,2007,113
38,1,2007,21425
38,31,2007,15500
38,35,2007,7346
38,37,2007,8050
38,41,2007,13896
38,43,2007,11500
38,55,2007,27520
38,59,2007,19275
38,77,2007,4009
38,89,2007,14828
38,93,2007,2228
39,1,2007,89
39,3,2007,280
39,5,2007,251
39,7,2007,135
39,9,2007,358
39,13,2007,38
39,15,2007,95
39,17,2007,341
39,19,2007,110
39,21,2007,156
39,23,2007,202
39,25,2007,171
39,27,2007,141
39,29,2007,261
39,31,2007,86
39,33,2007,19
39,35,2007,219
39,37,2007,865
39,39,2007,327
39,41,2007,941
39,45,2007,219
39,47,2007,31
39,49,2007,144
39,51,2007,121
39,53,2007,1266
39,55,2007,84
39,57,2007,266
39,59,2007,34
39,61,2007,302
39,65,2007,79
39,71,2007,111
39,73,2007,41
39,75,2007,338
39,77,2007,608
39,81,2007,248
39,83,2007,216
39,85,2007,276
39,87,2007,61
39,89,2007,259
39,91,2007,359
39,93,2007,761
39,95,2007,277
39,97,2007,45
39,99,2007,616
39,103,2007,416
39,105,2007,49
39,107,2007,182
39,109,2007,181
39,111,2007,35
39,113,2007,252
39,117,2007,95
39,119,2007,72
39,123,2007,31
39,127,2007,74
39,129,2007,142
39,131,2007,48
39,133,2007,463
39,135,2007,66
39,137,2007,228
39,139,2007,166
39,141,2007,92
39,143,2007,94
39,145,2007,147
39,147,2007,800
39,149,2007,77
39,151,2007,642
39,153,2007,108
39,155,2007,253
39,157,2007,81
39,159,2007,244
39,161,2007,183
39,163,2007,13
39,165,2007,311
39,167,2007,65
39,169,2007,488
39,175,2007,317
40,1,2007,35
40,5,2007,29
40,13,2007,95
40,21,2007,46
40,23,2007,10
40,27,2007,533
40,35,2007,42
40,37,2007,57
40,39,2007,18
40,41,2007,56
40,49,2007,10
40,51,2007,71
40,61,2007,56
40,69,2007,14
40,77,2007,3
40,81,2007,150
40,83,2007,632
40,97,2007,23
40,101,2007,23
40,105,2007,13
40,109,2007,250
40,111,2007,14
40,113,2007,12
40,115,2007,94
40,117,2007,16
40,119,2007,134
40,121,2007,91
40,123,2007,13
40,125,2007,46
40,143,2007,72
40,145,2007,27
41,3,2007,2450
41,5,2007,9071
41,7,2007,11
41,9,2007,61
41,11,2007,73
41,13,2007,7
41,15,2007,14
41,17,2007,258
41,19,2007,917
41,29,2007,3661
41,33,2007,83
41,39,2007,2605
41,41,2007,23
41,47,2007,3005
41,53,2007,1056
41,57,2007,31
41,59,2007,5245
41,67,2007,1411
41,71,2007,3040
42,1,2007,1813
42,3,2007,811
42,5,2007,17
42,7,2007,299
42,9,2007,241
42,11,2007,1438
42,13,2007,57
42,15,2007,389
42,17,2007,543
42,19,2007,611
42,21,2007,152
42,25,2007,234
42,27,2007,212
42,29,2007,496
42,31,2007,28
42,33,2007,237
42,35,2007,125
42,39,2007,491
42,41,2007,1252
42,43,2007,180
42,45,2007,164
42,51,2007,210
42,55,2007,1601
42,57,2007,28
42,59,2007,142
42,61,2007,111
42,63,2007,85
42,65,2007,361
42,67,2007,132
42,71,2007,720
42,73,2007,384
42,75,2007,191
42,77,2007,402
42,81,2007,419
42,83,2007,24
42,85,2007,707
42,89,2007,163
42,91,2007,172
42,93,2007,48
42,95,2007,226
42,99,2007,177
42,105,2007,28
42,107,2007,460
42,109,2007,418
42,111,2007,289
42,113,2007,14
42,115,2007,416
42,117,2007,2193
42,123,2007,65
42,125,2007,309
42,127,2007,163
42,129,2007,458
42,131,2007,494
42,133,2007,1038
44,3,2007,54
44,7,2007,86
44,9,2007,259
45,1,2007,7
45,3,2007,141
45,7,2007,199
45,15,2007,5
45,19,2007,43
45,21,2007,406
45,23,2007,126
45,25,2007,5
45,35,2007,78
45,43,2007,14
45,45,2007,200
45,47,2007,28
45,51,2007,158
45,55,2007,22
45,57,2007,80
45,59,2007,136
45,63,2007,232
45,65,2007,8
45,71,2007,59
45,73,2007,244
45,75,2007,10
45,77,2007,1014
45,81,2007,297
45,83,2007,127
45,91,2007,140
46,5,2007,3241
46,19,2007,1952
46,53,2007,5302
46,77,2007,6707
46,99,2007,2100
46,123,2007,12832
46,135,2007,2190
47,1,2007,185
47,3,2007,298
47,5,2007,13
47,9,2007,418
47,11,2007,167
47,13,2007,92
47,15,2007,108
47,17,2007,32
47,19,2007,110
47,25,2007,86
47,29,2007,981
47,31,2007,111
47,35,2007,242
47,37,2007,282
47,39,2007,52
47,43,2007,106
47,47,2007,83
47,49,2007,200
47,51,2007,70
47,55,2007,79
47,57,2007,127
47,59,2007,328
47,61,2007,15
47,63,2007,119
47,65,2007,419
47,67,2007,40
47,69,2007,14
47,73,2007,159
47,77,2007,27
47,81,2007,22
47,89,2007,157
47,91,2007,37
47,93,2007,390
47,99,2007,637
47,101,2007,24
47,103,2007,451
47,105,2007,634
47,107,2007,308
47,111,2007,10
47,113,2007,257
47,115,2007,20
47,117,2007,61
47,119,2007,220
47,121,2007,51
47,123,2007,241
47,125,2007,45
47,129,2007,32
47,131,2007,13
47,133,2007,147
47,137,2007,14
47,139,2007,84
47,141,2007,69
47,145,2007,142
47,147,2007,66
47,149,2007,147
47,151,2007,33
47,155,2007,308
47,157,2007,114
47,159,2007,65
47,163,2007,534
47,165,2007,71
47,167,2007,137
47,171,2007,22
47,173,2007,64
47,177,2007,82
47,179,2007,123
47,185,2007,38
47,187,2007,121
47,189,2007,167
48,5,2007,1295
48,15,2007,105
48,19,2007,9
48,29,2007,4761
48,31,2007,17
48,35,2007,33
48,41,2007,50
48,53,2007,68
48,55,2007,659
48,59,2007,39
48,83,2007,17
48,85,2007,690
48,89,2007,10
48,91,2007,20
48,93,2007,16
48,97,2007,49
48,113,2007,190
48,147,2007,47
48,149,2007,1295
48,157,2007,45
48,171,2007,29
48,181,2007,97
48,187,2007,9
48,203,2007,23
48,209,2007,29
48,217,2007,79
48,221,2007,13
48,225,2007,45
48,241,2007,14
48,249,2007,160
48,251,2007,116
48,257,2007,87
48,259,2007,10
48,285,2007,85
48,287,2007,634
48,291,2007,11503
48,293,2007,32
48,303,2007,42
48,333,2007,5
48,337,2007,20
48,339,2007,2007
48,347,2007,6
48,349,2007,27
48,361,2007,4080
48,363,2007,10
48,365,2007,63
48,367,2007,32
48,395,2007,63
48,407,2007,9
48,419,2007,36
48,423,2007,455
48,439,2007,75
48,441,2007,30
48,449,2007,5
48,459,2007,47
48,467,2007,39
48,471,2007,46
48,473,2007,153
48,477,2007,23
48,479,2007,6
48,491,2007,49
48,493,2007,9
48,497,2007,62
48,499,2007,22
49,3,2007,1975
49,7,2007,4
49,13,2007,4674
49,21,2007,60
49,27,2007,7339
49,35,2007,476
49,41,2007,41
49,49,2007,2718
49,57,2007,31
50,1,2007,2654
50,7,2007,309
50,15,2007,23
50,17,2007,137
50,19,2007,348
50,23,2007,645
50,25,2007,287
50,27,2007,249
51,1,2007,18
51,3,2007,42
51,9,2007,17
51,11,2007,170
51,15,2007,261
51,19,2007,257
51,21,2007,30
51,31,2007,285
51,35,2007,198
51,37,2007,20
51,43,2007,1156
51,45,2007,11
51,47,2007,36
51,51,2007,23
51,59,2007,279
51,61,2007,204
51,63,2007,27
51,65,2007,5
51,67,2007,416
51,69,2007,178
51,71,2007,44
51,73,2007,13
51,75,2007,298
51,77,2007,141
51,83,2007,155
51,85,2007,96
51,89,2007,113
51,95,2007,32
51,99,2007,22
51,105,2007,124
51,107,2007,259
51,109,2007,60
51,111,2007,52
51,113,2007,35
51,117,2007,16
51,121,2007,81
51,125,2007,353
51,137,2007,10
51,141,2007,94
51,143,2007,567
51,145,2007,108
51,147,2007,35
51,153,2007,149
51,155,2007,21
51,157,2007,357
51,163,2007,136
51,165,2007,1726
51,167,2007,183
51,169,2007,142
51,171,2007,53
51,173,2007,90
51,177,2007,219
51,179,2007,48
51,181,2007,18
51,185,2007,58
51,191,2007,90
51,195,2007,136
51,197,2007,256
51,199,2007,38
51,550,2007,85
53,7,2007,1243
53,9,2007,425
53,11,2007,2199
53,13,2007,4143
53,15,2007,99
53,17,2007,328
53,27,2007,260
53,29,2007,70
53,31,2007,23
53,33,2007,1386
53,35,2007,623
53,39,2007,66
53,41,2007,568
53,43,2007,201
53,45,2007,67
53,47,2007,2406
53,53,2007,184
53,55,2007,20
53,57,2007,5079
53,61,2007,2445
53,63,2007,4498
53,65,2007,3173
53,67,2007,830
53,77,2007,19674
54,1,2007,158
54,7,2007,93
54,11,2007,214
54,13,2007,111
54,15,2007,68
54,17,2007,115
54,19,2007,62
54,21,2007,74
54,25,2007,140
54,31,2007,75
54,33,2007,289
54,35,2007,263
54,37,2007,33
54,39,2007,113
54,41,2007,211
54,43,2007,195
54,49,2007,143
54,51,2007,134
54,55,2007,163
54,57,2007,283
54,61,2007,127
54,63,2007,90
54,67,2007,196
54,71,2007,102
54,75,2007,415
54,77,2007,138
54,79,2007,165
54,81,2007,91
54,83,2007,404
54,85,2007,90
54,87,2007,124
54,89,2007,144
54,91,2007,116
54,95,2007,101
54,97,2007,160
54,99,2007,246
54,105,2007,44
54,107,2007,170
55,5,2007,405
55,7,2007,107
55,9,2007,1731
55,11,2007,319
55,13,2007,9
55,15,2007,86
55,19,2007,3111
55,21,2007,869
55,23,2007,550
55,25,2007,708
55,29,2007,22
55,31,2007,13
55,35,2007,129
55,39,2007,163
55,45,2007,238
55,47,2007,99
55,49,2007,405
55,55,2007,67
55,57,2007,10
55,63,2007,112
55,65,2007,3144
55,69,2007,121
55,71,2007,581
55,75,2007,467
55,77,2007,193
55,81,2007,685
55,87,2007,518
55,93,2007,424
55,95,2007,1963
55,97,2007,663
55,101,2007,158
55,103,2007,525
55,105,2007,773
55,109,2007,171
55,111,2007,1631
55,121,2007,394
55,123,2007,1884
55,127,2007,33
55,129,2007,360
55,131,2007,1992
55,135,2007,280
55,137,2007,2084
56,13,2007,13040
56,19,2007,7887
1,1,2012,119
1,3,2012,256
1,9,2012,470
1,15,2012,207
1,19,2012,70
1,29,2012,128
1,31,2012,12
1,35,2012,10
1,39,2012,199
1,43,2012,219
1,45,2012,106
1,49,2012,379
1,55,2012,469
1,73,2012,266
1,75,2012,15
1,77,2012,188
1,79,2012,77
1,83,2012,615
1,89,2012,842
1,93,2012,41
1,95,2012,69
1,97,2012,721
1,103,2012,122
1,111,2012,99
1,115,2012,56
1,117,2012,224
1,119,2012,46
1,121,2012,75
1,127,2012,183
1,133,2012,72
4,1,2012,22
4,3,2012,3615
4,13,2012,23212
4,15,2012,7
4,19,2012,8872
4,21,2012,4065
4,27,2012,7881
5,5,2012,117
5,7,2012,155
5,9,2012,148
5,15,2012,110
5,19,2012,39
5,21,2012,50
5,29,2012,37
5,33,2012,51
5,43,2012,19
5,45,2012,236
5,47,2012,72
5,49,2012,19
5,51,2012,22
5,59,2012,60
5,65,2012,19
5,71,2012,26
5,75,2012,16
5,83,2012,36
5,85,2012,36
5,87,2012,99
5,89,2012,32
5,93,2012,810
5,101,2012,88
5,105,2012,18
5,113,2012,45
5,115,2012,137
5,119,2012,228
5,129,2012,26
5,131,2012,50
5,137,2012,883
5,143,2012,134
5,149,2012,85
6,7,2012,24423
6,11,2012,4855
6,13,2012,229
6,17,2012,533
6,19,2012,57324
6,21,2012,51140
6,23,2012,213
6,25,2012,33126
6,29,2012,129731
6,31,2012,17049
6,33,2012,165
6,37,2012,9441
6,39,2012,66088
6,43,2012,24
6,45,2012,381
6,47,2012,67350
6,57,2012,2212
6,61,2012,14533
6,65,2012,23486
6,67,2012,24510
6,71,2012,54673
6,73,2012,43711
6,77,2012,10597
6,79,2012,643
6,81,2012,332
6,85,2012,233
6,87,2012,1666
6,89,2012,36305
6,93,2012,1519
6,95,2012,6992
6,97,2012,2956
6,99,2012,25673
6,101,2012,16176
6,103,2012,14427
6,105,2012,76
6,107,2012,47855
6,109,2012,265
6,111,2012,7886
6,113,2012,23261
6,115,2012,1828
8,1,2012,69
8,11,2012,6724
8,13,2012,233
8,21,2012,1725
8,27,2012,82
8,35,2012,234
8,39,2012,160
8,41,2012,103
8,43,2012,465
8,59,2012,58
8,69,2012,470
8,75,2012,604
8,77,2012,153
8,83,2012,93
8,85,2012,779
8,107,2012,1415
9,1,2012,444
9,3,2012,884
9,5,2012,961
9,7,2012,102
9,9,2012,1560
9,11,2012,658
9,13,2012,212
9,15,2012,818
10,1,2012,207
10,3,2012,185
10,5,2012,425
12,1,2012,10589
12,5,2012,327
12,9,2012,9452
12,11,2012,1560
12,19,2012,237
12,21,2012,2813
12,27,2012,11361
12,31,2012,215
12,33,2012,193
12,39,2012,136
12,41,2012,268
12,49,2012,2837
12,51,2012,3489
12,53,2012,444
12,55,2012,4655
12,57,2012,1845
12,59,2012,17
12,61,2012,6068
12,63,2012,850
12,69,2012,16173
12,71,2012,3608
12,75,2012,134
12,77,2012,7200
12,79,2012,451
12,81,2012,7843
12,83,2012,5829
12,85,2012,623
12,86,2012,5099
12,89,2012,133
12,91,2012,71
12,95,2012,769
12,97,2012,19
12,99,2012,15291
12,103,2012,142
12,105,2012,17570
12,111,2012,6714
12,113,2012,150
12,115,2012,1543
12,117,2012,225
12,119,2012,6
12,121,2012,10
12,125,2012,229
12,129,2012,1525
12,133,2012,265
13,11,2012,167
13,15,2012,131
13,19,2012,96
13,31,2012,18
13,45,2012,32
13,55,2012,60
13,57,2012,72
13,65,2012,17236
13,67,2012,216
13,69,2012,4862
13,77,2012,80
13,85,2012,25
13,87,2012,40
13,91,2012,188
13,97,2012,19
13,101,2012,6186
13,105,2012,101
13,111,2012,191
13,115,2012,49
13,117,2012,142
13,119,2012,49
13,121,2012,71
13,129,2012,27
13,135,2012,35
13,139,2012,67
13,147,2012,133
13,151,2012,93
13,157,2012,170
13,161,2012,32
13,175,2012,116
13,195,2012,266
13,207,2012,137
13,217,2012,71
13,219,2012,433
13,223,2012,13
13,225,2012,607
13,237,2012,60
13,241,2012,559
13,271,2012,14
13,281,2012,16
13,291,2012,124
13,295,2012,53
13,297,2012,18
13,313,2012,36
13,317,2012,27
15,1,2012,6821
15,3,2012,982
15,7,2012,399
15,9,2012,428
16,5,2012,130
16,27,2012,14025
16,51,2012,511
16,65,2012,3704
16,69,2012,3533
16,73,2012,15400
16,87,2012,3033
17,5,2012,52
17,7,2012,67
17,19,2012,311
17,21,2012,35
17,27,2012,10
17,31,2012,424
17,37,2012,99
17,41,2012,23
17,51,2012,80
17,55,2012,61
17,57,2012,52
17,77,2012,153
17,81,2012,85
17,85,2012,73
17,89,2012,920
17,93,2012,179
17,95,2012,189
17,97,2012,366
17,101,2012,6
17,105,2012,38
17,107,2012,321
17,111,2012,1008
17,113,2012,32
17,119,2012,85
17,135,2012,39
17,139,2012,83
17,141,2012,87
17,143,2012,176
17,145,2012,155
17,147,2012,28
17,163,2012,170
17,165,2012,22
17,173,2012,60
17,181,2012,6
17,183,2012,52
17,191,2012,181
17,195,2012,216
17,197,2012,125
17,199,2012,86
18,1,2012,458
18,3,2012,337
18,5,2012,23
18,13,2012,24
18,15,2012,60
18,17,2012,28
18,19,2012,64
18,23,2012,80
18,25,2012,85
18,27,2012,89
18,29,2012,34
18,39,2012,406
18,47,2012,30
18,49,2012,32
18,53,2012,53
18,55,2012,44
18,57,2012,548
18,59,2012,141
18,61,2012,57
18,63,2012,131
18,73,2012,38
18,75,2012,67
18,77,2012,44
18,79,2012,75
18,81,2012,142
18,87,2012,446
18,91,2012,63
18,95,2012,190
18,99,2012,186
18,105,2012,71
18,109,2012,189
18,113,2012,229
18,117,2012,58
18,119,2012,31
18,123,2012,17
18,127,2012,144
18,133,2012,208
18,135,2012,64
18,137,2012,54
18,141,2012,212
18,143,2012,17
18,145,2012,45
18,149,2012,40
18,155,2012,46
18,157,2012,164
18,167,2012,85
18,177,2012,330
18,179,2012,21
18,183,2012,39
19,7,2012,47
19,9,2012,48
19,15,2012,16
19,17,2012,71
19,19,2012,406
19,31,2012,116
19,51,2012,166
19,87,2012,53
19,103,2012,60
19,113,2012,314
19,121,2012,38
19,123,2012,58
19,131,2012,51
19,135,2012,17
19,145,2012,16
19,153,2012,112
19,155,2012,25
19,169,2012,51
19,177,2012,123
19,181,2012,153
19,183,2012,305
19,191,2012,62
19,193,2012,1077
20,11,2012,52
20,13,2012,6
20,15,2012,57
20,31,2012,27
20,35,2012,49
20,37,2012,41
20,45,2012,110
20,59,2012,41
20,85,2012,36
20,87,2012,96
20,91,2012,691
20,103,2012,208
20,121,2012,100
20,125,2012,28
20,133,2012,15
20,139,2012,63
20,155,2012,111
20,173,2012,156
20,177,2012,33
20,197,2012,15
20,205,2012,38
21,1,2012,186
21,3,2012,235
21,5,2012,101
21,9,2012,369
21,11,2012,93
21,15,2012,170
21,17,2012,71
21,19,2012,23
21,21,2012,34
21,23,2012,111
21,25,2012,50
21,27,2012,102
21,29,2012,45
21,31,2012,51
21,35,2012,18
21,37,2012,74
21,41,2012,18
21,43,2012,97
21,45,2012,96
21,47,2012,126
21,49,2012,168
21,51,2012,85
21,53,2012,44
21,55,2012,110
21,57,2012,61
21,63,2012,50
21,65,2012,24
21,67,2012,120
21,69,2012,44
21,81,2012,130
21,85,2012,83
21,89,2012,87
21,93,2012,332
21,97,2012,182
21,99,2012,142
21,103,2012,99
21,109,2012,141
21,111,2012,40
21,113,2012,104
21,115,2012,39
21,121,2012,66
21,123,2012,37
21,125,2012,177
21,127,2012,35
21,135,2012,45
21,137,2012,105
21,139,2012,19
21,141,2012,108
21,151,2012,117
21,153,2012,119
21,155,2012,43
21,161,2012,61
21,163,2012,164
21,165,2012,79
21,167,2012,700
21,169,2012,103
21,171,2012,102
21,175,2012,88
21,179,2012,344
21,181,2012,59
21,183,2012,80
21,185,2012,75
21,187,2012,39
21,191,2012,73
21,195,2012,160
21,199,2012,237
21,203,2012,61
21,207,2012,79
21,209,2012,82
21,211,2012,336
21,213,2012,35
21,215,2012,36
21,217,2012,166
21,219,2012,7
21,221,2012,38
21,223,2012,30
21,227,2012,252
21,229,2012,88
21,231,2012,113
21,235,2012,96
21,239,2012,255
22,5,2012,74
22,11,2012,113
22,13,2012,6
22,15,2012,1110
22,17,2012,438
22,19,2012,387
22,31,2012,6
22,33,2012,708
22,37,2012,42
22,41,2012,28
22,43,2012,808
22,47,2012,65
22,53,2012,12
22,57,2012,259
22,63,2012,54
22,69,2012,20
22,73,2012,193
22,85,2012,26
22,89,2012,140
22,97,2012,90
22,103,2012,195
22,105,2012,100
22,115,2012,13
23,1,2012,37
23,3,2012,171
23,5,2012,1770
23,7,2012,164
23,9,2012,30
23,11,2012,3354
23,21,2012,79
23,23,2012,199
23,25,2012,282
23,29,2012,7032
23,31,2012,161
24,1,2012,71
24,3,2012,77
24,5,2012,375
24,9,2012,22
24,13,2012,107
24,15,2012,25
24,17,2012,149
24,21,2012,2561
24,23,2012,70
24,25,2012,166
24,27,2012,38
24,31,2012,260
24,33,2012,302
24,37,2012,83
25,1,2012,222
25,3,2012,338
25,5,2012,238
25,9,2012,287
25,13,2012,283
25,15,2012,269
25,17,2012,1012
25,23,2012,560
25,27,2012,547
26,5,2012,277
26,11,2012,71
26,17,2012,870
26,21,2012,4259
26,25,2012,708
26,33,2012,78
26,37,2012,390
26,45,2012,229
26,47,2012,18
26,49,2012,312
26,51,2012,48
26,57,2012,415
26,59,2012,749
26,65,2012,420
26,67,2012,119
26,73,2012,148
26,75,2012,1041
26,77,2012,5281
26,79,2012,83
26,81,2012,5371
26,87,2012,369
26,89,2012,198
26,91,2012,1057
26,93,2012,4784
26,97,2012,5
26,99,2012,175
26,101,2012,413
26,105,2012,747
26,109,2012,47
26,111,2012,93
26,115,2012,78
26,117,2012,4242
26,121,2012,42
26,125,2012,251
26,133,2012,148
26,135,2012,79
26,145,2012,1185
26,151,2012,3187
26,155,2012,179
26,157,2012,858
26,159,2012,148
26,161,2012,321
26,163,2012,1192
27,1,2012,49
27,3,2012,416
27,17,2012,9
27,19,2012,66
27,21,2012,300
27,25,2012,357
27,35,2012,19
27,53,2012,130
27,55,2012,19
27,57,2012,29
27,65,2012,220
27,79,2012,84
27,95,2012,254
27,97,2012,3859
27,109,2012,351
27,111,2012,18548
27,115,2012,255
27,119,2012,16559
27,131,2012,78
27,135,2012,5690
27,137,2012,81
27,139,2012,64
27,141,2012,58
27,145,2012,2775
27,157,2012,21
27,163,2012,144
28,25,2012,14
28,29,2012,222
28,31,2012,23
28,37,2012,31
28,41,2012,474
28,47,2012,95
28,49,2012,482
28,57,2012,24
28,59,2012,320
28,67,2012,766
28,77,2012,12
28,85,2012,237
28,87,2012,78
28,95,2012,29
28,107,2012,43
28,111,2012,11
28,117,2012,42
28,121,2012,81
28,123,2012,306
28,131,2012,18
28,139,2012,55
28,147,2012,55
29,1,2012,22
29,7,2012,275
29,9,2012,84
29,13,2012,36
29,15,2012,55
29,17,2012,22
29,19,2012,500
29,25,2012,67
29,27,2012,29
29,31,2012,245
29,37,2012,112
29,43,2012,55
29,47,2012,39
29,53,2012,124
29,55,2012,34
29,59,2012,58
29,63,2012,18
29,65,2012,14
29,67,2012,56
29,71,2012,177
29,73,2012,133
29,77,2012,830
29,79,2012,75
29,81,2012,118
29,85,2012,29
29,91,2012,41
29,95,2012,41
29,99,2012,106
29,101,2012,144
29,105,2012,62
29,107,2012,641
29,109,2012,58
29,113,2012,114
29,117,2012,10
29,119,2012,45
29,121,2012,42
29,123,2012,3
29,125,2012,76
29,131,2012,415
29,135,2012,84
29,137,2012,71
29,141,2012,65
29,145,2012,85
29,149,2012,34
29,153,2012,12
29,159,2012,85
29,161,2012,19
29,163,2012,190
29,165,2012,54
29,167,2012,152
29,169,2012,20
29,175,2012,27
29,177,2012,130
29,185,2012,7
29,186,2012,52
29,187,2012,56
29,189,2012,207
29,199,2012,44
29,209,2012,31
29,213,2012,18
29,215,2012,41
29,217,2012,489
29,219,2012,57
29,221,2012,9
29,223,2012,17
29,225,2012,41
29,229,2012,109
30,27,2012,17929
30,31,2012,2135
30,53,2012,2432
30,63,2012,2815
30,111,2012,6931
31,27,2012,2512
31,93,2012,6202
31,107,2012,7
31,109,2012,375
31,139,2012,3604
31,155,2012,260
32,1,2012,156
32,7,2012,7
32,19,2012,526
32,31,2012,8823
33,5,2012,447
33,7,2012,29
33,9,2012,66
33,11,2012,1538
33,15,2012,364
33,17,2012,110
33,19,2012,44
34,1,2012,427
34,5,2012,394
34,7,2012,38
34,9,2012,90
34,11,2012,52
34,19,2012,1074
34,21,2012,119
34,27,2012,370
34,29,2012,1050
34,37,2012,240
34,41,2012,117
35,1,2012,507
35,5,2012,25
35,31,2012,60
35,35,2012,27
35,39,2012,87
35,49,2012,85
35,55,2012,993
35,61,2012,297
36,1,2012,96
36,3,2012,221
36,7,2012,73
36,9,2012,33061
36,11,2012,2190
36,13,2012,1338
36,15,2012,215
36,19,2012,184
36,21,2012,541
36,25,2012,118
36,27,2012,360
36,29,2012,673
36,31,2012,44
36,33,2012,112
36,39,2012,590
36,45,2012,1540
36,49,2012,88
36,51,2012,211
36,53,2012,1278
36,65,2012,1135
36,67,2012,631
36,69,2012,436
36,71,2012,223
36,75,2012,207
36,77,2012,669
36,83,2012,57
36,87,2012,122
36,89,2012,692
36,91,2012,140
36,97,2012,53
36,99,2012,204
36,101,2012,919
36,103,2012,423
36,105,2012,84
36,107,2012,1191
36,109,2012,259
36,111,2012,208
36,115,2012,1032
36,119,2012,95
36,121,2012,1092
36,123,2012,672
37,1,2012,615
37,3,2012,79
37,5,2012,87
37,7,2012,24
37,9,2012,460
37,11,2012,153
37,17,2012,278
37,19,2012,134
37,21,2012,920
37,23,2012,723
37,25,2012,121
37,27,2012,387
37,33,2012,281
37,35,2012,266
37,37,2012,269
37,39,2012,180
37,45,2012,636
37,51,2012,120
37,57,2012,182
37,59,2012,139
37,61,2012,35
37,63,2012,69
37,67,2012,600
37,71,2012,236
37,77,2012,128
37,81,2012,213
37,85,2012,124
37,87,2012,151
37,89,2012,171
37,97,2012,785
37,101,2012,99
37,103,2012,90
37,105,2012,79
37,107,2012,71
37,109,2012,125
37,111,2012,440
37,113,2012,294
37,115,2012,268
37,119,2012,147
37,121,2012,56
37,123,2012,24
37,125,2012,139
37,127,2012,81
37,131,2012,16
37,137,2012,27
37,147,2012,232
37,149,2012,107
37,151,2012,194
37,153,2012,79
37,157,2012,387
37,159,2012,309
37,161,2012,287
37,163,2012,540
37,167,2012,182
37,169,2012,310
37,171,2012,347
37,175,2012,84
37,179,2012,150
37,183,2012,380
37,189,2012,102
37,193,2012,276
37,197,2012,1366
37,199,2012,230
38,1,2012,16438
38,17,2012,31752
38,31,2012,17500
38,35,2012,8970
38,41,2012,9156
38,43,2012,9702
38,55,2012,36924
38,59,2012,13254
38,63,2012,2925
38,77,2012,7100
38,89,2012,23824
38,93,2012,2502
39,1,2012,118
39,3,2012,251
39,5,2012,359
39,7,2012,106
39,9,2012,205
39,11,2012,99
39,13,2012,63
39,15,2012,108
39,17,2012,236
39,19,2012,83
39,21,2012,102
39,23,2012,54
39,25,2012,229
39,27,2012,287
39,29,2012,202
39,31,2012,139
39,33,2012,146
39,35,2012,106
39,37,2012,137
39,39,2012,207
39,41,2012,1042
39,45,2012,254
39,47,2012,85
39,49,2012,240
39,51,2012,147
39,55,2012,215
39,57,2012,142
39,59,2012,55
39,61,2012,257
39,65,2012,545
39,71,2012,136
39,73,2012,58
39,75,2012,475
39,77,2012,654
39,81,2012,192
39,83,2012,305
39,85,2012,75
39,87,2012,101
39,89,2012,213
39,91,2012,202
39,93,2012,296
39,95,2012,277
39,97,2012,35
39,99,2012,145
39,103,2012,473
39,105,2012,134
39,107,2012,39
39,109,2012,249
39,111,2012,88
39,113,2012,231
39,117,2012,179
39,119,2012,129
39,123,2012,19
39,127,2012,126
39,129,2012,348
39,131,2012,123
39,133,2012,330
39,135,2012,89
39,137,2012,110
39,139,2012,422
39,141,2012,231
39,143,2012,87
39,145,2012,160
39,147,2012,110
39,149,2012,38
39,151,2012,379
39,153,2012,147
39,155,2012,301
39,157,2012,103
39,159,2012,152
39,163,2012,9
39,165,2012,349
39,167,2012,113
39,169,2012,672
39,175,2012,308
40,1,2012,15437
40,5,2012,46
40,13,2012,25
40,21,2012,83
40,23,2012,6
40,27,2012,798
40,35,2012,602
40,37,2012,99
40,39,2012,22
40,41,2012,44
40,49,2012,133
40,51,2012,40
40,61,2012,49
40,69,2012,65
40,77,2012,16
40,79,2012,87
40,81,2012,207
40,83,2012,286
40,87,2012,11
40,97,2012,185
40,101,2012,82
40,105,2012,12
40,109,2012,452
40,111,2012,63
40,113,2012,48
40,117,2012,15
40,119,2012,119
40,121,2012,79
40,123,2012,23
40,125,2012,53
40,131,2012,152
40,143,2012,72
40,145,2012,34
41,3,2012,11021
41,5,2012,9365
41,7,2012,13
41,9,2012,109
41,11,2012,44
41,13,2012,12
41,15,2012,7
41,17,2012,33
41,19,2012,858
41,25,2012,49
41,29,2012,2917
41,33,2012,857
41,39,2012,2505
41,41,2012,39
41,47,2012,9604
41,51,2012,830
41,53,2012,3329
41,57,2012,44
41,59,2012,8508
41,67,2012,1185
41,71,2012,6510
42,1,2012,2659
42,3,2012,407
42,5,2012,170
42,7,2012,285
42,9,2012,163
42,11,2012,1000
42,13,2012,141
42,15,2012,552
42,17,2012,218
42,19,2012,211
42,21,2012,135
42,25,2012,17
42,27,2012,313
42,29,2012,848
42,31,2012,96
42,33,2012,175
42,35,2012,238
42,39,2012,375
42,41,2012,723
42,43,2012,423
42,45,2012,109
42,51,2012,48
42,55,2012,1131
42,57,2012,8
42,59,2012,86
42,61,2012,179
42,63,2012,211
42,65,2012,304
42,67,2012,239
42,71,2012,650
42,75,2012,74
42,77,2012,146
42,83,2012,10
42,85,2012,354
42,89,2012,110
42,91,2012,400
42,93,2012,45
42,95,2012,104
42,99,2012,87
42,107,2012,150
42,109,2012,323
42,111,2012,252
42,113,2012,18
42,115,2012,112
42,117,2012,509
42,123,2012,49
42,125,2012,220
42,127,2012,345
42,129,2012,178
42,131,2012,404
42,133,2012,503
44,3,2012,10
44,7,2012,244
44,9,2012,391
45,1,2012,87
45,3,2012,191
45,7,2012,398
45,15,2012,152
45,19,2012,83
45,21,2012,98
45,23,2012,102
45,25,2012,70
45,35,2012,61
45,43,2012,17
45,45,2012,405
45,47,2012,93
45,51,2012,345
45,55,2012,39
45,57,2012,417
45,59,2012,123
45,61,2012,14
45,63,2012,208
45,65,2012,74
45,71,2012,75
45,73,2012,280
45,75,2012,265
45,77,2012,1003
45,81,2012,102
45,83,2012,189
45,91,2012,213
46,5,2012,10458
46,19,2012,1340
46,53,2012,6805
46,77,2012,2765
46,123,2012,8632
46,135,2012,6153
47,1,2012,298
47,3,2012,287
47,5,2012,148
47,9,2012,559
47,11,2012,153
47,13,2012,99
47,15,2012,112
47,17,2012,91
47,19,2012,62
47,21,2012,29
47,25,2012,165
47,29,2012,1105
47,31,2012,202
47,33,2012,18
47,35,2012,170
47,37,2012,282
47,39,2012,67
47,43,2012,120
47,45,2012,249
47,47,2012,164
47,49,2012,165
47,51,2012,175
47,55,2012,194
47,57,2012,155
47,59,2012,311
47,61,2012,50
47,63,2012,124
47,65,2012,376
47,67,2012,49
47,69,2012,19
47,73,2012,160
47,77,2012,53
47,81,2012,184
47,89,2012,199
47,91,2012,230
47,93,2012,748
47,99,2012,214
47,101,2012,57
47,103,2012,407
47,105,2012,238
47,107,2012,246
47,111,2012,61
47,113,2012,56
47,115,2012,40
47,117,2012,155
47,119,2012,269
47,121,2012,59
47,123,2012,170
47,125,2012,73
47,129,2012,72
47,131,2012,10
47,133,2012,165
47,139,2012,152
47,141,2012,186
47,143,2012,83
47,145,2012,102
47,147,2012,104
47,149,2012,262
47,151,2012,38
47,155,2012,253
47,157,2012,63
47,159,2012,59
47,163,2012,193
47,165,2012,164
47,167,2012,139
47,171,2012,22
47,173,2012,36
47,177,2012,96
47,179,2012,286
47,185,2012,71
47,187,2012,150
47,189,2012,219
48,1,2012,6593
48,5,2012,60
48,15,2012,55
48,19,2012,29
48,29,2012,132
48,31,2012,24
48,35,2012,75
48,41,2012,460
48,53,2012,64
48,55,2012,288
48,59,2012,12
48,61,2012,14
48,85,2012,1167
48,89,2012,14
48,91,2012,21
48,93,2012,36
48,95,2012,10
48,97,2012,355
48,113,2012,58
48,119,2012,34
48,139,2012,4141
48,143,2012,60
48,147,2012,157
48,149,2012,124
48,157,2012,38
48,159,2012,31
48,171,2012,44
48,175,2012,18
48,181,2012,253
48,187,2012,116
48,193,2012,9
48,203,2012,97
48,209,2012,35
48,217,2012,107
48,221,2012,17
48,225,2012,36
48,249,2012,176
48,251,2012,176
48,255,2012,19
48,257,2012,319
48,259,2012,13
48,265,2012,6
48,285,2012,46
48,287,2012,57
48,291,2012,13808
48,293,2012,64
48,315,2012,54
48,337,2012,34
48,339,2012,24
48,347,2012,21
48,349,2012,83
48,361,2012,100
48,363,2012,17
48,365,2012,8
48,367,2012,206
48,395,2012,55
48,397,2012,118
48,419,2012,122
48,423,2012,665
48,439,2012,95
48,441,2012,14
48,459,2012,51
48,467,2012,62
48,471,2012,73
48,473,2012,469
48,477,2012,58
48,481,2012,179
48,491,2012,100
48,493,2012,372
48,497,2012,100
48,499,2012,98
49,3,2012,376
49,7,2012,51
49,13,2012,6181
49,21,2012,51
49,25,2012,209
49,27,2012,7695
49,35,2012,593
49,41,2012,24
49,45,2012,74
49,49,2012,2021
49,57,2012,325
50,1,2012,4820
50,3,2012,139
50,7,2012,232
50,13,2012,27
50,15,2012,48
50,17,2012,319
50,19,2012,82
50,23,2012,593
50,25,2012,299
50,27,2012,220
51,1,2012,94
51,3,2012,245
51,9,2012,41
51,11,2012,138
51,15,2012,243
51,19,2012,371
51,21,2012,64
51,31,2012,208
51,35,2012,511
51,37,2012,91
51,43,2012,969
51,45,2012,24
51,47,2012,90
51,51,2012,16
51,59,2012,96
51,61,2012,402
51,63,2012,109
51,65,2012,30
51,67,2012,685
51,69,2012,167
51,71,2012,35
51,73,2012,61
51,75,2012,303
51,77,2012,115
51,83,2012,620
51,85,2012,291
51,89,2012,90
51,95,2012,56
51,99,2012,23
51,105,2012,179
51,107,2012,540
51,109,2012,152
51,111,2012,32
51,113,2012,59
51,117,2012,110
51,121,2012,93
51,125,2012,560
51,137,2012,47
51,141,2012,124
51,143,2012,543
51,145,2012,145
51,147,2012,121
51,153,2012,67
51,155,2012,85
51,157,2012,386
51,163,2012,216
51,165,2012,525
51,167,2012,128
51,169,2012,162
51,171,2012,259
51,173,2012,126
51,177,2012,137
51,179,2012,32
51,181,2012,24
51,185,2012,175
51,191,2012,219
51,195,2012,101
51,197,2012,301
51,199,2012,64
51,550,2012,97
51,800,2012,127
53,9,2012,162
53,11,2012,2906
53,15,2012,70
53,17,2012,33
53,25,2012,31460
53,27,2012,273
53,29,2012,191
53,31,2012,66
53,33,2012,1339
53,35,2012,146
53,39,2012,31
53,41,2012,262
53,45,2012,23
53,47,2012,1561
53,53,2012,981
53,55,2012,54
53,61,2012,588
53,63,2012,3437
53,65,2012,1755
53,67,2012,445
53,73,2012,727
53,77,2012,20357
54,1,2012,108
54,7,2012,616
54,11,2012,147
54,13,2012,162
54,15,2012,58
54,17,2012,125
54,19,2012,46
54,21,2012,140
54,25,2012,73
54,31,2012,170
54,33,2012,254
54,35,2012,348
54,37,2012,182
54,39,2012,119
54,41,2012,33
54,43,2012,54
54,49,2012,68
54,51,2012,64
54,55,2012,104
54,61,2012,31
54,63,2012,192
54,67,2012,117
54,71,2012,93
54,75,2012,39
54,77,2012,249
54,79,2012,46
54,81,2012,171
54,83,2012,464
54,85,2012,68
54,87,2012,148
54,89,2012,87
54,91,2012,59
54,93,2012,61
54,95,2012,32
54,97,2012,199
54,99,2012,236
54,105,2012,79
54,107,2012,256
55,5,2012,316
55,7,2012,72
55,9,2012,1472
55,11,2012,82
55,13,2012,39
55,15,2012,123
55,19,2012,3512
55,21,2012,387
55,23,2012,84
55,25,2012,1315
55,29,2012,33
55,31,2012,61
55,35,2012,267
55,39,2012,188
55,45,2012,111
55,47,2012,111
55,49,2012,262
55,53,2012,31
55,55,2012,76
55,57,2012,11
55,63,2012,109
55,65,2012,3992
55,67,2012,9
55,69,2012,8
55,71,2012,185
55,75,2012,293
55,77,2012,233
55,81,2012,546
55,87,2012,350
55,93,2012,543
55,95,2012,1543
55,101,2012,161
55,103,2012,798
55,105,2012,833
55,109,2012,232
55,121,2012,580
55,123,2012,1721
55,127,2012,69
55,129,2012,74
55,131,2012,917
55,135,2012,215
55,137,2012,745
56,13,2012,12069
1,1,2017,137
1,3,2017,376
1,9,2017,132
1,15,2017,391
1,17,2017,37
1,19,2017,139
1,31,2017,32
1,35,2017,65
1,39,2017,221
1,43,2017,90
1,45,2017,73
1,49,2017,74
1,55,2017,368
1,73,2017,125
1,75,2017,48
1,77,2017,82
1,79,2017,158
1,83,2017,668
1,85,2017,196
1,89,2017,847
1,93,2017,22
1,95,2017,140
1,97,2017,318
1,101,2017,50
1,103,2017,178
1,111,2017,81
1,115,2017,94
1,117,2017,201
1,119,2017,46
1,121,2017,682
1,127,2017,122
1,133,2017,114
4,1,2017,43
4,3,2017,422
4,13,2017,13396
4,15,2017,31
4,19,2017,2912
4,21,2017,3708
4,25,2017,324
4,27,2017,4348
5,5,2017,93
5,7,2017,744
5,9,2017,153
5,11,2017,16
5,15,2017,100
5,19,2017,28
5,21,2017,50
5,23,2017,63
5,29,2017,51
5,31,2017,9268
5,33,2017,88
5,37,2017,61
5,43,2017,15
5,45,2017,281
5,47,2017,162
5,49,2017,145
5,51,2017,198
5,53,2017,64
5,55,2017,29
5,59,2017,90
5,63,2017,596
5,65,2017,20
5,69,2017,4
5,71,2017,264
5,75,2017,135
5,83,2017,172
5,85,2017,43
5,87,2017,131
5,89,2017,145
5,101,2017,16
5,105,2017,35
5,113,2017,70
5,115,2017,136
5,119,2017,247
5,125,2017,380
5,127,2017,42
5,129,2017,28
5,131,2017,117
5,137,2017,789
5,139,2017,19
5,143,2017,256
5,149,2017,155
6,7,2017,71961
6,11,2017,17855
6,13,2017,3859
6,17,2017,826
6,19,2017,61634
6,21,2017,50908
6,23,2017,396
6,25,2017,46786
6,29,2017,166984
6,31,2017,6301
6,33,2017,178
6,35,2017,48
6,37,2017,4384
6,39,2017,59899
6,45,2017,1075
6,47,2017,73045
6,57,2017,2163
6,65,2017,28550
6,67,2017,27226
6,69,2017,18
6,71,2017,57866
6,73,2017,31212
6,77,2017,4024
6,79,2017,3949
6,81,2017,550
6,85,2017,1612
6,87,2017,102
6,89,2017,32297
6,93,2017,296
6,95,2017,11037
6,97,2017,631
6,99,2017,23003
6,101,2017,23691
6,103,2017,28471
6,105,2017,137
6,107,2017,88321
6,109,2017,1628
6,111,2017,16064
6,113,2017,39752
6,115,2017,2806
8,1,2017,226
8,13,2017,503
8,27,2017,38
8,29,2017,335
8,35,2017,298
8,39,2017,122
8,41,2017,341
8,43,2017,470
8,49,2017,9
8,59,2017,116
8,69,2017,744
8,75,2017,53
8,77,2017,337
8,81,2017,28
8,83,2017,51
8,85,2017,610
8,107,2017,117
8,109,2017,43
9,1,2017,499
9,3,2017,483
9,5,2017,1331
9,7,2017,195
9,9,2017,1141
9,11,2017,1213
9,13,2017,236
9,15,2017,570
10,1,2017,141
10,3,2017,138
10,5,2017,237
12,1,2017,20306
12,5,2017,885
12,9,2017,6498
12,11,2017,1707
12,13,2017,950
12,15,2017,1559
12,19,2017,221
12,21,2017,2668
12,23,2017,1812
12,27,2017,10514
12,31,2017,578
12,33,2017,868
12,37,2017,2070
12,39,2017,427
12,41,2017,295
12,45,2017,1677
12,49,2017,8894
12,51,2017,7606
12,53,2017,195
12,55,2017,6642
12,57,2017,2894
12,59,2017,143
12,61,2017,967
12,63,2017,1197
12,69,2017,15194
12,71,2017,6313
12,75,2017,692
12,77,2017,11703
12,79,2017,123
12,81,2017,12257
12,83,2017,2591
12,85,2017,8136
12,86,2017,15155
12,89,2017,148
12,91,2017,2356
12,95,2017,1128
12,97,2017,1479
12,99,2017,15830
12,101,2017,1313
12,103,2017,1065
12,105,2017,14379
12,109,2017,2272
12,113,2017,558
12,115,2017,310
12,117,2017,1235
12,119,2017,135
12,121,2017,957
12,125,2017,569
12,129,2017,3099
12,133,2017,1882
13,3,2017,2150
13,9,2017,42
13,11,2017,296
13,15,2017,755
13,19,2017,188
13,31,2017,208
13,35,2017,18
13,45,2017,228
13,55,2017,95
13,57,2017,62
13,65,2017,34296
13,67,2017,301
13,69,2017,3846
13,77,2017,124
13,85,2017,24
13,87,2017,6
13,91,2017,17
13,97,2017,133
13,101,2017,3900
13,105,2017,61
13,111,2017,70
13,115,2017,49
13,117,2017,35
13,119,2017,221
13,121,2017,194
13,127,2017,50
13,129,2017,41
13,135,2017,9
13,139,2017,717
13,147,2017,108
13,151,2017,89
13,153,2017,82
13,157,2017,263
13,173,2017,218
13,175,2017,238
13,185,2017,284
13,195,2017,337
13,207,2017,405
13,217,2017,49
13,219,2017,108
13,223,2017,78
13,225,2017,111
13,237,2017,59
13,241,2017,485
13,281,2017,32
13,291,2017,119
13,295,2017,129
13,297,2017,71
13,299,2017,4395
13,317,2017,32
15,1,2017,16444
15,3,2017,1291
15,7,2017,1063
15,9,2017,1064
16,5,2017,54
16,11,2017,12517
16,27,2017,20968
16,73,2017,9553
16,87,2017,3829
17,5,2017,73
17,7,2017,75
17,19,2017,429
17,21,2017,98
17,27,2017,216
17,31,2017,1337
17,37,2017,141
17,41,2017,48
17,51,2017,215
17,55,2017,77
17,57,2017,143
17,77,2017,487
17,81,2017,262
17,85,2017,158
17,89,2017,629
17,93,2017,234
17,95,2017,91
17,97,2017,878
17,101,2017,112
17,105,2017,17
17,107,2017,51
17,111,2017,459
17,113,2017,85
17,119,2017,222
17,135,2017,106
17,139,2017,87
17,141,2017,169
17,143,2017,129
17,145,2017,247
17,147,2017,18
17,163,2017,363
17,173,2017,63
17,179,2017,45
17,181,2017,48
17,183,2017,133
17,191,2017,582
17,195,2017,229
17,197,2017,512
17,199,2017,200
18,1,2017,853
18,3,2017,188
18,5,2017,38
18,13,2017,65
18,15,2017,42
18,17,2017,43
18,19,2017,54
18,23,2017,180
18,25,2017,43
18,27,2017,143
18,29,2017,213
18,39,2017,196
18,47,2017,88
18,51,2017,15
18,53,2017,85
18,55,2017,150
18,57,2017,179
18,59,2017,100
18,61,2017,189
18,63,2017,223
18,73,2017,146
18,75,2017,34
18,77,2017,282
18,79,2017,98
18,81,2017,336
18,87,2017,449
18,91,2017,219
18,95,2017,276
18,99,2017,200
18,101,2017,46
18,105,2017,93
18,109,2017,556
18,113,2017,246
18,117,2017,41
18,119,2017,46
18,123,2017,89
18,125,2017,33
18,127,2017,430
18,133,2017,198
18,135,2017,43
18,137,2017,318
18,141,2017,281
18,143,2017,111
18,145,2017,44
18,149,2017,90
18,155,2017,240
18,157,2017,141
18,167,2017,78
18,177,2017,287
18,179,2017,37
18,183,2017,18
19,5,2017,723
19,7,2017,38
19,9,2017,12
19,15,2017,84
19,17,2017,236
19,19,2017,222
19,31,2017,192
19,43,2017,3021
19,51,2017,105
19,61,2017,99
19,87,2017,87
19,91,2017,75
19,103,2017,220
19,113,2017,319
19,121,2017,87
19,123,2017,86
19,131,2017,23
19,135,2017,17
19,153,2017,320
19,155,2017,69
19,169,2017,309
19,177,2017,126
19,181,2017,126
19,183,2017,263
19,191,2017,359
19,193,2017,957
20,11,2017,109
20,15,2017,369
20,31,2017,62
20,35,2017,70
20,37,2017,47
20,45,2017,76
20,59,2017,92
20,85,2017,44
20,87,2017,132
20,91,2017,592
20,103,2017,229
20,121,2017,216
20,125,2017,77
20,133,2017,48
20,139,2017,116
20,155,2017,128
20,157,2017,46
20,173,2017,175
20,177,2017,172
20,201,2017,46
20,205,2017,16
21,1,2017,192
21,3,2017,553
21,5,2017,132
21,9,2017,390
21,11,2017,75
21,15,2017,158
21,17,2017,65
21,19,2017,59
21,21,2017,53
21,23,2017,72
21,25,2017,110
21,27,2017,168
21,29,2017,114
21,31,2017,77
21,35,2017,28
21,37,2017,202
21,41,2017,36
21,43,2017,53
21,45,2017,115
21,47,2017,269
21,49,2017,153
21,51,2017,139
21,53,2017,21
21,55,2017,91
21,57,2017,49
21,63,2017,50
21,65,2017,62
21,67,2017,236
21,69,2017,140
21,79,2017,168
21,81,2017,198
21,85,2017,150
21,89,2017,51
21,93,2017,431
21,97,2017,246
21,99,2017,303
21,103,2017,157
21,107,2017,67
21,109,2017,144
21,111,2017,58
21,113,2017,55
21,115,2017,67
21,121,2017,282
21,123,2017,148
21,125,2017,142
21,127,2017,112
21,129,2017,63
21,135,2017,22
21,137,2017,219
21,139,2017,54
21,141,2017,217
21,151,2017,280
21,153,2017,449
21,155,2017,88
21,161,2017,129
21,163,2017,180
21,165,2017,75
21,167,2017,240
21,169,2017,173
21,171,2017,35
21,175,2017,119
21,179,2017,268
21,181,2017,30
21,183,2017,120
21,185,2017,135
21,187,2017,97
21,191,2017,93
21,193,2017,299
21,195,2017,125
21,199,2017,158
21,203,2017,143
21,207,2017,35
21,209,2017,133
21,211,2017,416
21,213,2017,67
21,215,2017,47
21,217,2017,65
21,219,2017,86
21,221,2017,135
21,223,2017,85
21,227,2017,175
21,229,2017,135
21,231,2017,128
21,235,2017,106
21,239,2017,560
22,5,2017,360
22,9,2017,22332
22,11,2017,240
22,13,2017,16
22,15,2017,585
22,17,2017,131
22,19,2017,378
22,33,2017,900
22,37,2017,100
22,39,2017,138
22,41,2017,49
22,43,2017,23
22,47,2017,78
22,53,2017,65
22,57,2017,460
22,61,2017,97
22,63,2017,1922
22,69,2017,77
22,73,2017,132
22,85,2017,327
22,89,2017,228
22,97,2017,97
22,103,2017,393
22,105,2017,237
22,115,2017,121
23,1,2017,174
23,3,2017,83
23,5,2017,1079
23,7,2017,65
23,9,2017,133
23,11,2017,426
23,17,2017,542
23,21,2017,160
23,23,2017,139
23,25,2017,517
23,29,2017,476
23,31,2017,253
24,1,2017,84
24,3,2017,81
24,5,2017,1359
24,9,2017,151
24,13,2017,233
24,15,2017,179
24,17,2017,101
24,19,2017,224
24,21,2017,2680
24,23,2017,148
24,25,2017,450
24,27,2017,416
24,31,2017,521
24,33,2017,525
24,35,2017,44
24,37,2017,79
24,41,2017,137
25,1,2017,270
25,3,2017,187
25,5,2017,176
25,9,2017,300
25,11,2017,618
25,13,2017,925
25,15,2017,445
25,17,2017,1203
25,23,2017,616
25,27,2017,819
26,5,2017,214
26,11,2017,115
26,17,2017,189
26,21,2017,377
26,23,2017,33
26,25,2017,424
26,33,2017,61
26,37,2017,461
26,45,2017,181
26,47,2017,69
26,49,2017,1861
26,51,2017,70
26,55,2017,233
26,57,2017,271
26,59,2017,423
26,65,2017,354
26,67,2017,175
26,73,2017,140
26,75,2017,725
26,77,2017,682
26,79,2017,45
26,81,2017,4067
26,87,2017,251
26,89,2017,6182
26,91,2017,549
26,93,2017,325
26,97,2017,13
26,99,2017,187
26,105,2017,746
26,109,2017,25
26,111,2017,314
26,115,2017,254
26,117,2017,567
26,121,2017,134
26,125,2017,133
26,133,2017,42
26,135,2017,93
26,145,2017,1137
26,151,2017,3362
26,155,2017,134
26,157,2017,290
26,159,2017,116
26,161,2017,978
26,163,2017,2403
27,1,2017,270
27,3,2017,265
27,17,2017,68
27,19,2017,287
27,21,2017,172
27,25,2017,436
27,35,2017,16
27,37,2017,1968
27,47,2017,39
27,49,2017,170
27,53,2017,133
27,55,2017,50
27,57,2017,14
27,65,2017,153
27,67,2017,17
27,79,2017,85
27,95,2017,986
27,97,2017,1286
27,99,2017,78
27,109,2017,202
27,111,2017,5217
27,115,2017,364
27,121,2017,7126
27,131,2017,477
27,137,2017,194
27,139,2017,472
27,141,2017,110
27,145,2017,495
27,153,2017,613
27,157,2017,143
27,163,2017,182
27,171,2017,258
28,21,2017,14
28,25,2017,62
28,29,2017,254
28,31,2017,26
28,37,2017,36
28,41,2017,377
28,47,2017,91
28,49,2017,172
28,57,2017,17
28,59,2017,510
28,67,2017,1161
28,77,2017,10
28,85,2017,190
28,87,2017,251
28,95,2017,114
28,117,2017,35
28,121,2017,108
28,123,2017,201
28,139,2017,172
28,147,2017,193
29,1,2017,51
29,7,2017,337
29,9,2017,150
29,13,2017,72
29,15,2017,70
29,17,2017,64
29,19,2017,556
29,23,2017,68
29,25,2017,213
29,27,2017,220
29,31,2017,121
29,37,2017,218
29,43,2017,171
29,47,2017,100
29,49,2017,54
29,51,2017,49
29,53,2017,108
29,55,2017,101
29,59,2017,161
29,63,2017,299
29,65,2017,114
29,67,2017,182
29,71,2017,375
29,73,2017,102
29,77,2017,469
29,79,2017,149
29,81,2017,171
29,85,2017,43
29,91,2017,97
29,95,2017,94
29,99,2017,177
29,101,2017,113
29,105,2017,105
29,107,2017,234
29,109,2017,105
29,113,2017,389
29,117,2017,73
29,119,2017,70
29,121,2017,51
29,123,2017,33
29,125,2017,42
29,131,2017,108
29,135,2017,72
29,137,2017,229
29,141,2017,91
29,145,2017,279
29,153,2017,26
29,157,2017,117
29,159,2017,122
29,161,2017,38
29,163,2017,113
29,165,2017,81
29,167,2017,261
29,169,2017,43
29,175,2017,66
29,177,2017,89
29,179,2017,36
29,183,2017,175
29,185,2017,65
29,186,2017,119
29,187,2017,139
29,189,2017,138
29,199,2017,143
29,209,2017,107
29,213,2017,37
29,215,2017,117
29,217,2017,277
29,219,2017,55
29,221,2017,184
29,223,2017,39
29,225,2017,184
29,229,2017,30
30,31,2017,64
30,35,2017,45
30,47,2017,8842
30,81,2017,427
30,95,2017,1245
30,111,2017,360
31,27,2017,4516
31,109,2017,484
31,139,2017,236
31,155,2017,177
31,185,2017,8
32,7,2017,69
32,23,2017,929
33,5,2017,339
33,9,2017,113
33,11,2017,596
33,15,2017,196
33,17,2017,133
33,19,2017,464
34,1,2017,670
34,3,2017,116
34,5,2017,563
34,7,2017,107
34,9,2017,197
34,11,2017,845
34,13,2017,161
34,19,2017,1941
34,21,2017,68
34,27,2017,591
34,29,2017,69
34,37,2017,855
34,41,2017,486
35,1,2017,225
35,5,2017,35
35,35,2017,78
35,39,2017,648
35,49,2017,257
35,55,2017,120
35,61,2017,330
36,1,2017,844
36,3,2017,580
36,7,2017,302
36,9,2017,706
36,11,2017,680
36,13,2017,387
36,15,2017,555
36,19,2017,630
36,21,2017,303
36,25,2017,184
36,27,2017,735
36,29,2017,1324
36,31,2017,57
36,33,2017,231
36,37,2017,271
36,39,2017,711
36,45,2017,1624
36,49,2017,73
36,51,2017,63
36,53,2017,1197
36,65,2017,840
36,67,2017,1921
36,69,2017,365
36,71,2017,470
36,75,2017,305
36,77,2017,374
36,83,2017,86
36,89,2017,414
36,91,2017,199
36,93,2017,22
36,97,2017,149
36,99,2017,177
36,101,2017,1429
36,103,2017,764
36,105,2017,54
36,107,2017,1130
36,109,2017,189
36,111,2017,223
36,115,2017,715
36,117,2017,3547
36,119,2017,176
36,121,2017,1423
36,123,2017,553
37,1,2017,446
37,3,2017,116
37,5,2017,225
37,7,2017,44
37,9,2017,301
37,11,2017,199
37,19,2017,355
37,21,2017,1544
37,23,2017,296
37,25,2017,155
37,27,2017,515
37,33,2017,414
37,35,2017,309
37,37,2017,314
37,39,2017,582
37,43,2017,9
37,45,2017,719
37,51,2017,20
37,57,2017,174
37,59,2017,269
37,61,2017,17
37,63,2017,75
37,67,2017,1138
37,71,2017,311
37,75,2017,1094
37,77,2017,119
37,81,2017,189
37,85,2017,124
37,87,2017,246
37,89,2017,385
37,97,2017,794
37,101,2017,167
37,103,2017,83
37,105,2017,117
37,107,2017,72
37,109,2017,257
37,111,2017,511
37,113,2017,501
37,115,2017,327
37,119,2017,158
37,121,2017,99
37,123,2017,189
37,125,2017,469
37,127,2017,177
37,129,2017,82
37,131,2017,13
37,135,2017,951
37,137,2017,46
37,147,2017,380
37,149,2017,147
37,151,2017,323
37,153,2017,81
37,157,2017,378
37,159,2017,530
37,161,2017,265
37,163,2017,223
37,167,2017,79
37,169,2017,256
37,171,2017,525
37,175,2017,90
37,179,2017,274
37,183,2017,605
37,189,2017,158
37,193,2017,362
37,195,2017,280
37,197,2017,499
37,199,2017,58
38,1,2017,8330
38,17,2017,28836
38,35,2017,1910
38,55,2017,12184
38,77,2017,103
38,89,2017,3534
39,1,2017,222
39,3,2017,339
39,5,2017,368
39,7,2017,386
39,9,2017,240
39,11,2017,108
39,13,2017,304
39,15,2017,149
39,17,2017,789
39,19,2017,115
39,21,2017,78
39,23,2017,282
39,25,2017,272
39,27,2017,406
39,29,2017,258
39,31,2017,169
39,33,2017,100
39,35,2017,92
39,37,2017,293
39,39,2017,149
39,41,2017,322
39,45,2017,532
39,47,2017,155
39,49,2017,300
39,51,2017,236
39,53,2017,899
39,55,2017,498
39,57,2017,277
39,59,2017,160
39,61,2017,290
39,65,2017,861
39,71,2017,215
39,73,2017,148
39,75,2017,505
39,81,2017,301
39,83,2017,543
39,85,2017,262
39,87,2017,79
39,89,2017,278
39,91,2017,286
39,93,2017,272
39,95,2017,335
39,97,2017,175
39,99,2017,191
39,103,2017,434
39,105,2017,207
39,107,2017,91
39,109,2017,143
39,111,2017,77
39,113,2017,155
39,117,2017,423
39,119,2017,210
39,123,2017,81
39,125,2017,116
39,127,2017,243
39,129,2017,1231
39,131,2017,67
39,133,2017,561
39,135,2017,141
39,137,2017,369
39,139,2017,656
39,141,2017,284
39,143,2017,94
39,145,2017,159
39,147,2017,549
39,149,2017,95
39,151,2017,842
39,153,2017,220
39,155,2017,208
39,157,2017,304
39,159,2017,417
39,161,2017,153
39,163,2017,5
39,165,2017,446
39,167,2017,95
39,169,2017,626
39,175,2017,160
40,5,2017,57
40,13,2017,224
40,17,2017,17
40,21,2017,152
40,23,2017,27
40,27,2017,164
40,29,2017,116
40,35,2017,948
40,37,2017,280
40,39,2017,50
40,41,2017,72
40,49,2017,339
40,51,2017,84
40,55,2017,4
40,61,2017,92
40,77,2017,67
40,79,2017,149
40,81,2017,260
40,83,2017,470
40,87,2017,31
40,97,2017,146
40,101,2017,220
40,105,2017,23
40,109,2017,284
40,111,2017,114
40,113,2017,213
40,115,2017,454
40,117,2017,88
40,119,2017,266
40,121,2017,161
40,123,2017,74
40,125,2017,105
40,131,2017,431
40,143,2017,1440
40,145,2017,161
41,3,2017,11421
41,5,2017,13582
41,7,2017,50
41,9,2017,297
41,11,2017,38
41,13,2017,81
41,17,2017,249
41,19,2017,719
41,29,2017,6014
41,33,2017,92
41,35,2017,635
41,39,2017,4339
41,41,2017,118
41,47,2017,7116
41,51,2017,1305
41,53,2017,2883
41,57,2017,13
41,59,2017,8087
41,61,2017,71
41,65,2017,995
41,67,2017,1311
41,71,2017,1573
42,1,2017,2888
42,3,2017,1114
42,5,2017,164
42,7,2017,336
42,9,2017,192
42,11,2017,563
42,13,2017,154
42,15,2017,583
42,17,2017,436
42,19,2017,188
42,21,2017,198
42,25,2017,110
42,27,2017,401
42,29,2017,723
42,31,2017,91
42,33,2017,128
42,39,2017,343
42,41,2017,449
42,43,2017,234
42,45,2017,239
42,51,2017,90
42,55,2017,910
42,57,2017,24
42,59,2017,207
42,61,2017,273
42,63,2017,161
42,65,2017,551
42,67,2017,242
42,71,2017,1047
42,73,2017,197
42,75,2017,200
42,77,2017,160
42,83,2017,8
42,85,2017,272
42,89,2017,76
42,91,2017,269
42,93,2017,41
42,95,2017,186
42,99,2017,586
42,105,2017,145
42,107,2017,149
42,109,2017,255
42,111,2017,106
42,113,2017,18
42,115,2017,404
42,117,2017,463
42,123,2017,153
42,125,2017,606
42,127,2017,235
42,129,2017,293
42,131,2017,429
42,133,2017,1945
44,3,2017,22
44,7,2017,208
44,9,2017,210
45,1,2017,86
45,3,2017,433
45,7,2017,654
45,15,2017,211
45,19,2017,415
45,21,2017,128
45,23,2017,137
45,25,2017,437
45,35,2017,88
45,43,2017,82
45,45,2017,1576
45,47,2017,169
45,51,2017,214
45,55,2017,204
45,57,2017,53
45,59,2017,196
45,61,2017,70
45,63,2017,750
45,65,2017,39
45,71,2017,165
45,73,2017,587
45,75,2017,168
45,77,2017,1172
45,81,2017,138
45,83,2017,474
45,91,2017,179
46,19,2017,2160
46,61,2017,197
46,77,2017,1661
46,99,2017,767
46,135,2017,735
47,1,2017,466
47,3,2017,332
47,5,2017,189
47,9,2017,350
47,11,2017,93
47,13,2017,48
47,15,2017,121
47,17,2017,194
47,19,2017,101
47,21,2017,117
47,25,2017,220
47,31,2017,318
47,33,2017,24
47,35,2017,177
47,37,2017,479
47,39,2017,45
47,43,2017,226
47,45,2017,50
47,47,2017,571
47,49,2017,84
47,51,2017,131
47,55,2017,367
47,57,2017,257
47,59,2017,264
47,61,2017,62
47,63,2017,99
47,65,2017,110
47,67,2017,51
47,69,2017,47
47,71,2017,296
47,73,2017,196
47,77,2017,36
47,81,2017,260
47,89,2017,153
47,91,2017,277
47,93,2017,500
47,99,2017,425
47,101,2017,73
47,103,2017,228
47,105,2017,267
47,107,2017,406
47,111,2017,226
47,113,2017,70
47,115,2017,100
47,117,2017,143
47,119,2017,193
47,121,2017,56
47,123,2017,332
47,125,2017,154
47,129,2017,108
47,131,2017,110
47,133,2017,168
47,137,2017,17
47,139,2017,184
47,141,2017,122
47,143,2017,191
47,145,2017,179
47,147,2017,191
47,149,2017,471
47,151,2017,98
47,155,2017,239
47,157,2017,142
47,159,2017,169
47,163,2017,164
47,165,2017,833
47,167,2017,254
47,171,2017,32
47,173,2017,60
47,177,2017,145
47,179,2017,475
47,185,2017,172
47,187,2017,155
47,189,2017,351
48,1,2017,63023
48,5,2017,243
48,15,2017,717
48,19,2017,152
48,29,2017,412
48,31,2017,171
48,35,2017,104
48,41,2017,835
48,53,2017,190
48,55,2017,276
48,59,2017,67
48,61,2017,31
48,83,2017,33
48,85,2017,1758
48,89,2017,293
48,91,2017,193
48,93,2017,68
48,97,2017,413
48,113,2017,197
48,119,2017,257
48,139,2017,2458
48,143,2017,346
48,147,2017,3923
48,149,2017,406
48,157,2017,208
48,159,2017,42
48,171,2017,89
48,175,2017,233
48,181,2017,816
48,187,2017,222
48,193,2017,40
48,203,2017,529
48,209,2017,120
48,217,2017,132
48,221,2017,166
48,225,2017,127
48,237,2017,34
48,241,2017,99
48,249,2017,73
48,251,2017,351
48,255,2017,86
48,257,2017,479
48,259,2017,201
48,265,2017,89
48,285,2017,2130
48,287,2017,139
48,293,2017,415
48,303,2017,23
48,315,2017,42
48,333,2017,45
48,337,2017,96
48,339,2017,474
48,347,2017,71
48,349,2017,166
48,361,2017,238
48,363,2017,48
48,365,2017,160
48,367,2017,391
48,395,2017,217
48,397,2017,199
48,399,2017,50
48,401,2017,85
48,407,2017,190
48,417,2017,17
48,419,2017,84
48,423,2017,723
48,429,2017,42
48,439,2017,122
48,441,2017,30
48,449,2017,55
48,459,2017,150
48,467,2017,361
48,471,2017,227
48,473,2017,692
48,477,2017,242
48,479,2017,158
48,481,2017,449
48,491,2017,728
48,493,2017,317
48,497,2017,1495
48,499,2017,212
49,3,2017,176
49,7,2017,98
49,21,2017,68
49,27,2017,5945
49,35,2017,364
49,39,2017,217
49,41,2017,39
49,45,2017,145
49,49,2017,2095
49,57,2017,294
50,1,2017,5993
50,3,2017,211
50,7,2017,299
50,13,2017,69
50,15,2017,252
50,17,2017,101
50,19,2017,90
50,23,2017,134
50,25,2017,322
50,27,2017,146
51,1,2017,30
51,3,2017,237
51,9,2017,166
51,11,2017,79
51,15,2017,762
51,19,2017,350
51,21,2017,111
51,31,2017,121
51,35,2017,197
51,37,2017,204
51,43,2017,164
51,45,2017,37
51,47,2017,229
51,51,2017,11
51,59,2017,189
51,61,2017,642
51,63,2017,276
51,65,2017,56
51,67,2017,550
51,69,2017,378
51,71,2017,103
51,73,2017,107
51,75,2017,310
51,77,2017,141
51,83,2017,397
51,85,2017,175
51,89,2017,48
51,105,2017,279
51,107,2017,523
51,109,2017,101
51,111,2017,31
51,113,2017,85
51,117,2017,69
51,121,2017,271
51,125,2017,171
51,137,2017,77
51,141,2017,595
51,143,2017,570
51,145,2017,90
51,147,2017,119
51,153,2017,93
51,155,2017,44
51,157,2017,515
51,163,2017,282
51,165,2017,583
51,167,2017,203
51,169,2017,292
51,171,2017,275
51,173,2017,168
51,177,2017,247
51,179,2017,114
51,181,2017,21
51,185,2017,141
51,191,2017,211
51,195,2017,24
51,197,2017,270
51,199,2017,73
51,550,2017,84
51,800,2017,114
53,7,2017,1110
53,9,2017,153
53,11,2017,5976
53,13,2017,66
53,15,2017,45
53,27,2017,153
53,29,2017,276
53,31,2017,72
53,33,2017,906
53,35,2017,105
53,39,2017,218
53,41,2017,502
53,43,2017,8
53,45,2017,136
53,47,2017,834
53,53,2017,878
53,55,2017,79
53,59,2017,3
53,61,2017,818
53,63,2017,1518
53,65,2017,1040
53,67,2017,291
53,73,2017,900
53,77,2017,24833
54,1,2017,70
54,7,2017,341
54,11,2017,78
54,13,2017,103
54,15,2017,217
54,17,2017,102
54,19,2017,211
54,21,2017,108
54,25,2017,196
54,31,2017,478
54,33,2017,354
54,35,2017,498
54,37,2017,129
54,39,2017,255
54,41,2017,62
54,43,2017,124
54,49,2017,104
54,51,2017,153
54,55,2017,111
54,61,2017,123
54,63,2017,247
54,67,2017,78
54,71,2017,132
54,75,2017,45
54,77,2017,193
54,79,2017,96
54,81,2017,199
54,83,2017,361
54,85,2017,218
54,87,2017,299
54,89,2017,169
54,91,2017,77
54,93,2017,30
54,95,2017,52
54,97,2017,145
54,99,2017,302
54,105,2017,75
54,107,2017,438
55,5,2017,322
55,7,2017,62
55,11,2017,71
55,13,2017,150
55,15,2017,256
55,19,2017,527
55,21,2017,371
55,23,2017,101
55,25,2017,1487
55,29,2017,112
55,31,2017,30
55,35,2017,345
55,39,2017,236
55,45,2017,236
55,47,2017,112
55,49,2017,241
55,53,2017,99
55,55,2017,142
55,57,2017,54
55,63,2017,68
55,65,2017,1336
55,67,2017,29
55,71,2017,601
55,75,2017,267
55,77,2017,139
55,81,2017,1002
55,87,2017,262
55,93,2017,525
55,95,2017,1556
55,101,2017,140
55,103,2017,488
55,105,2017,857
55,109,2017,409
55,111,2017,613
55,115,2017,83
55,117,2017,66
55,119,2017,249
55,121,2017,695
55,123,2017,522
55,127,2017,286
55,129,2017,39
55,131,2017,395
55,135,2017,237
55,137,2017,69
56,13,2017,1107
56,43,2017,13
